date_achat,rembourse,id_utilisateur,id_application,id_plateforme
2023-12-22 11:34:09,0,374,51,3
2023-12-11 06:56:41,0,491,154,3
2023-12-03 22:27:22,0,102,25,3
2023-06-17 00:02:39,0,290,138,2
2023-04-02 21:40:58,0,455,161,3
2023-12-27 18:32:37,0,213,49,2
2023-12-29 23:04:07,0,105,146,2
2023-12-29 02:44:05,0,424,20,2
2023-12-27 07:13:36,0,250,190,2
2023-09-01 07:05:59,0,438,125,1
2023-12-21 11:58:26,0,63,129,3
2023-12-28 06:57:19,0,332,75,2
2023-11-26 12:40:06,0,422,106,2
2023-12-02 15:02:02,0,460,88,1
2023-12-12 10:39:22,0,235,130,3
2023-11-03 02:14:10,0,27,77,2
2023-12-04 11:19:31,0,203,50,1
2023-08-26 09:07:41,0,492,29,1
2023-11-16 17:19:53,0,205,74,1
2023-05-18 13:00:21,0,293,139,1
2023-06-30 15:32:20,0,175,177,2
2023-07-07 12:03:29,0,16,144,2
2023-10-18 02:14:30,0,124,145,3
2023-12-28 15:51:50,0,229,41,2
2023-05-02 04:31:40,0,20,88,2
2023-12-14 06:27:17,0,173,196,3
2023-10-31 23:09:21,0,295,75,3
2023-11-08 18:20:24,0,494,118,3
2023-12-22 11:56:12,0,448,61,1
2023-10-01 06:54:28,0,213,145,3
2023-11-05 00:11:07,0,11,145,3
2023-12-29 23:34:42,0,135,40,2
2023-09-01 19:49:30,0,308,21,2
2023-12-23 12:12:51,0,33,16,3
2023-10-09 07:12:08,0,338,154,2
2023-11-06 02:58:15,0,231,127,3
2023-12-21 10:19:48,0,487,122,2
2023-12-09 07:09:28,0,5,29,1
2023-09-21 11:54:48,0,216,156,3
2022-10-11 11:38:45,0,259,151,3
2023-12-18 02:36:53,0,36,44,1
2023-02-27 15:08:53,0,305,189,3
2023-11-16 19:41:59,0,442,180,3
2023-09-15 21:34:45,0,203,158,1
2023-12-22 17:16:40,0,421,65,3
2023-03-29 06:22:23,0,88,170,1
2023-12-27 21:04:14,0,261,40,2
2023-12-08 23:16:31,0,470,87,2
2023-12-21 20:21:11,0,386,190,2
2023-12-19 12:07:41,0,481,150,3
2023-10-08 21:37:57,0,384,22,3
2023-11-19 04:30:42,0,202,5,3
2023-10-26 06:37:22,0,158,147,1
2023-05-02 19:21:31,0,35,139,2
2023-12-23 15:10:12,0,352,196,3
2023-06-25 01:56:35,0,461,8,2
2023-12-19 03:59:37,0,263,16,3
2023-12-17 05:02:48,0,328,119,1
2023-12-30 06:04:38,0,490,63,2
2023-11-27 14:47:50,0,69,24,1
2023-12-20 01:41:17,0,182,84,1
2023-02-22 04:33:43,0,250,140,1
2023-12-25 10:38:38,0,171,56,3
2023-11-21 05:06:37,0,153,94,1
2023-11-16 09:39:41,0,364,145,2
2023-12-24 17:59:03,0,490,35,1
2023-12-10 14:55:32,0,227,68,1
2023-12-30 14:49:44,0,198,14,2
2023-12-19 23:47:51,0,431,98,3
2023-12-29 17:15:44,0,108,45,1
2023-11-30 02:13:19,0,472,154,2
2023-07-08 17:18:34,0,55,188,3
2023-10-15 08:11:36,0,345,94,1
2023-12-29 18:24:58,0,137,168,3
2023-12-05 14:39:25,0,202,156,1
2023-12-14 08:29:05,0,203,6,1
2023-06-16 12:50:54,0,435,144,1
2023-08-14 00:10:46,0,140,4,3
2023-12-30 20:39:13,0,148,146,2
2023-01-31 12:15:46,0,393,144,3
2023-11-07 05:06:32,0,23,23,1
2022-12-26 00:43:59,0,364,181,2
2023-08-19 06:09:44,0,430,21,1
2023-12-03 18:30:03,0,251,80,2
2023-12-10 03:16:09,0,500,23,3
2023-03-24 05:50:28,0,96,28,3
2023-11-21 19:53:41,0,156,84,1
2023-12-10 16:04:32,0,193,196,1
2022-09-17 10:57:22,0,355,90,2
2023-11-06 15:22:25,0,264,172,1
2023-11-28 11:01:23,0,440,83,2
2022-02-26 05:12:12,0,406,17,3
2023-12-24 19:54:05,0,397,31,2
2023-12-13 19:39:25,0,114,73,1
2023-08-16 13:47:20,0,433,4,1
2023-12-30 06:25:52,0,224,34,3
2023-12-10 22:03:21,0,462,84,1
2023-12-14 15:42:02,0,89,199,3
2023-06-01 23:51:37,0,268,85,1
2023-12-04 15:41:12,0,456,76,1
2023-10-30 22:35:02,0,396,144,1
2023-12-14 12:17:59,0,355,133,1
2023-11-04 20:10:14,0,440,47,1
2023-11-17 04:49:29,0,367,79,3
2023-09-04 01:51:50,0,458,24,1
2023-07-22 10:57:38,0,102,115,1
2023-11-04 19:29:22,0,71,116,2
2023-04-15 19:39:38,0,401,52,2
2023-11-29 08:47:14,0,1,120,2
2023-10-24 00:59:46,0,488,21,2
2023-06-19 06:42:14,0,445,114,3
2023-12-29 20:34:48,0,369,197,3
2023-09-22 01:19:42,0,263,11,2
2023-11-29 17:32:58,0,81,196,3
2023-12-19 11:12:28,0,457,100,3
2023-12-30 19:56:07,0,174,192,2
2023-10-01 06:11:39,0,163,116,2
2023-11-09 00:40:45,0,459,20,3
2023-09-08 15:44:47,0,174,7,1
2023-09-14 19:35:19,0,218,90,2
2023-10-12 16:38:39,0,466,156,2
2023-07-08 02:08:29,0,252,58,1
2023-12-29 09:25:01,0,433,112,2
2023-12-22 14:28:35,0,273,73,1
2023-09-11 02:31:52,0,13,172,1
2023-09-09 10:44:02,0,349,75,2
2023-12-24 00:52:58,0,181,65,2
2023-12-29 02:58:10,0,43,184,2
2023-12-29 14:14:00,0,67,131,2
2023-12-10 14:37:23,0,127,153,2
2023-10-17 12:25:06,0,174,151,2
2023-12-23 15:30:32,0,186,148,3
2023-12-11 11:18:30,0,213,161,3
2023-12-30 11:21:10,0,320,192,2
2023-11-28 17:11:15,0,58,30,2
2023-12-29 06:57:06,0,157,73,1
2023-03-09 15:37:53,0,217,161,3
2023-11-10 19:28:28,0,355,4,3
2023-12-28 16:40:47,0,319,184,2
2023-08-09 01:23:07,0,397,111,1
2023-02-21 00:45:22,0,354,177,2
2023-12-30 06:25:33,0,144,71,1
2023-12-30 12:22:43,0,199,71,1
2023-12-01 17:56:46,0,215,176,2
2023-11-01 17:54:51,0,111,164,3
2023-01-14 11:53:48,0,107,85,1
2023-11-10 04:12:42,0,321,4,3
2023-12-30 01:13:51,0,105,37,1
2023-03-30 09:15:02,0,183,85,1
2023-10-17 22:40:44,0,105,153,1
2023-12-25 10:13:48,0,120,143,1
2023-11-26 06:50:14,0,113,171,2
2023-12-12 07:41:45,0,88,12,3
2023-12-21 14:56:57,0,17,169,1
2023-12-25 15:03:24,0,108,126,2
2023-11-02 12:54:44,0,437,82,1
2023-12-27 09:37:06,0,387,155,3
2023-12-21 02:05:47,0,456,80,2
2023-12-23 07:19:54,0,438,108,1
2023-10-07 06:22:17,0,118,92,2
2023-12-28 11:25:37,0,68,45,3
2023-08-11 23:48:50,0,61,29,1
2023-12-09 11:24:59,0,195,193,2
2023-02-22 13:45:43,0,216,12,3
2023-11-28 19:26:07,0,497,172,1
2023-12-11 19:54:40,0,122,133,2
2023-11-10 11:36:45,0,249,19,3
2023-10-03 05:33:49,0,242,92,2
2023-12-06 17:21:08,0,227,133,1
2023-12-08 10:28:48,0,272,99,1
2023-10-01 16:26:12,0,18,28,3
2023-12-09 13:12:31,0,8,8,1
2023-12-25 17:57:02,0,282,49,3
2023-08-22 14:23:03,0,349,109,2
2023-07-15 02:09:36,0,161,22,3
2023-03-24 17:32:29,0,424,175,1
2022-11-26 04:42:35,0,61,189,2
2023-11-16 19:24:37,0,18,75,1
2023-05-09 23:40:50,0,444,70,2
2023-12-01 20:25:04,0,457,27,2
2023-12-27 04:33:03,0,58,176,2
2023-07-16 11:14:33,0,68,188,3
2023-12-20 18:17:14,0,99,16,2
2023-11-16 02:36:12,0,179,120,2
2023-10-13 04:55:46,0,308,138,2
2023-10-08 21:37:57,0,384,7,1
2023-12-02 15:47:56,0,453,79,1
2023-11-29 21:54:28,0,164,2,1
2022-10-23 10:32:13,0,234,161,3
2023-04-23 16:34:13,0,72,22,3
2023-12-29 15:22:57,0,495,45,1
2023-11-13 02:56:14,0,62,132,2
2023-05-31 04:55:53,0,92,195,2
2022-11-08 02:28:57,0,275,60,1
2023-02-16 19:45:41,0,102,62,1
2023-11-26 05:13:46,0,321,180,3
2023-12-05 21:45:20,0,98,9,2
2023-06-06 07:07:53,0,373,102,1
2023-11-19 10:33:06,0,485,163,2
2023-06-27 00:35:40,0,91,24,1
2023-07-27 11:21:02,0,121,127,3
2023-12-29 05:23:58,0,71,15,2
2023-10-29 22:04:50,0,70,106,2
2023-12-01 08:47:34,0,227,142,3
2023-10-11 15:57:07,0,20,68,1
2023-12-30 05:04:28,0,355,99,3
2023-09-04 19:29:07,0,30,145,3
2023-10-05 09:53:58,0,363,132,2
2023-07-24 19:58:40,0,216,141,2
2023-12-26 09:33:04,0,212,67,3
2023-07-23 06:06:55,0,43,3,1
2023-12-13 09:27:24,0,389,167,1
2023-12-30 05:22:59,0,215,33,2
2023-12-28 23:55:13,0,107,26,3
2023-12-30 10:34:37,0,197,33,1
2023-12-08 12:18:27,0,293,129,3
2023-07-23 01:11:35,0,71,72,2
2023-12-17 08:03:50,0,235,44,1
2023-11-28 18:23:31,0,3,163,3
2022-09-27 22:45:43,0,67,60,1
2022-05-19 03:08:46,0,484,100,2
2023-11-12 04:03:32,0,364,18,1
2023-11-07 02:59:09,0,162,102,3
2023-12-29 00:55:16,0,438,113,3
2023-12-24 18:02:56,0,134,49,3
2023-12-30 03:25:50,0,190,42,3
2023-12-30 03:09:44,0,443,192,2
2023-12-30 04:18:45,0,414,197,2
2023-11-21 21:11:51,0,205,156,3
2023-12-10 22:49:20,0,155,167,1
2023-10-29 05:02:51,0,74,127,3
2023-05-25 10:51:44,0,403,195,2
2023-12-30 19:11:06,0,410,131,3
2023-12-28 13:08:57,0,83,56,2
2023-02-08 04:19:08,0,438,170,2
2023-11-29 01:47:00,0,2,5,2
2023-12-28 15:49:51,0,444,187,1
2023-10-26 10:15:47,0,477,102,3
2022-10-29 06:16:37,0,410,60,1
2023-12-25 00:13:51,0,423,105,3
2023-12-25 08:33:41,0,164,58,1
2023-12-30 16:03:30,0,97,192,2
2023-10-04 02:31:36,0,468,29,1
2023-12-27 14:08:43,0,312,184,2
2022-11-27 05:02:29,0,433,70,2
2023-08-22 16:35:18,0,191,52,2
2023-11-21 08:56:57,0,282,116,2
2023-01-04 14:11:00,0,140,70,2
2023-07-15 21:38:37,0,385,119,2
2023-11-08 04:36:21,0,486,163,3
2023-06-29 17:09:55,0,296,191,1
2022-07-24 01:26:21,0,52,164,1
2022-07-18 19:26:50,0,231,119,2
2023-12-29 22:17:23,0,104,125,1
2023-12-11 01:47:18,0,394,80,2
2023-10-26 02:10:43,0,379,103,2
2023-11-05 22:38:25,0,163,110,3
2023-07-12 19:43:55,0,162,144,1
2023-08-22 12:08:41,0,410,94,1
2023-12-17 05:40:40,0,148,61,2
2023-09-11 17:07:40,0,457,116,2
2023-12-07 18:48:22,0,272,94,1
2023-12-23 02:53:59,0,180,69,2
2023-12-13 00:13:42,0,168,176,2
2023-12-28 05:52:17,0,391,179,3
2021-12-26 08:45:55,0,174,119,1
2023-12-22 02:24:15,0,378,31,2
2023-12-26 21:37:50,0,368,155,1
2023-09-29 04:36:47,0,348,21,2
2023-12-24 09:19:18,0,176,150,1
2023-12-15 20:38:23,0,238,154,3
2023-12-25 22:07:37,0,43,2,3
2023-11-15 11:21:59,0,305,23,2
2023-11-06 08:17:29,0,97,19,3
2023-12-05 19:19:03,0,43,134,2
2023-12-29 14:18:20,0,204,33,2
2023-10-26 20:05:35,0,155,138,2
2023-12-28 05:57:42,0,219,184,3
2023-12-15 23:27:50,0,63,58,1
2023-11-11 17:17:17,0,138,85,2
2023-12-23 15:48:04,0,363,87,3
2023-11-13 17:26:05,0,82,32,1
2023-08-17 21:01:27,0,24,76,1
2023-09-25 11:47:26,0,489,159,2
2022-10-22 12:20:09,0,196,139,2
2023-12-19 18:44:59,0,338,169,2
2023-05-19 07:55:53,0,295,36,3
2023-12-25 14:57:46,0,422,99,1
2023-03-20 07:21:14,0,449,52,2
2023-11-26 22:02:56,0,377,70,2
2023-09-27 16:45:42,0,118,23,3
2023-09-22 20:08:09,0,85,194,3
2023-12-24 19:48:55,0,413,67,3
2023-11-12 08:37:23,0,445,174,2
2023-10-27 00:12:25,0,30,94,1
2023-12-30 15:51:11,0,302,30,3
2023-11-25 03:03:43,0,28,17,3
2023-09-21 00:01:39,0,452,200,3
2023-01-11 16:36:22,0,75,91,1
2023-06-29 22:07:09,0,158,10,1
2023-12-26 13:34:02,0,487,150,2
2023-12-30 19:40:29,0,68,192,2
2023-12-30 16:37:30,0,479,1,2
2023-04-03 12:06:02,0,36,91,1
2023-12-17 21:12:49,0,56,134,2
2022-08-21 18:39:41,0,176,119,1
2023-12-07 02:12:45,0,138,147,1
2023-11-05 11:05:39,0,16,88,2
2023-12-30 17:01:17,0,411,167,3
2022-10-25 19:20:39,0,477,90,2
2023-11-05 12:45:53,0,46,51,1
2023-05-19 09:21:32,0,323,125,1
2023-12-03 15:29:20,0,161,186,3
2023-12-29 01:02:53,0,54,113,1
2022-10-14 23:44:40,0,147,17,3
2023-02-03 19:01:56,0,189,140,2
2023-12-29 08:32:55,0,316,33,2
2023-08-14 10:15:07,0,496,81,1
2023-11-24 09:31:14,0,300,89,1
2023-12-27 12:43:04,0,476,168,3
2023-06-19 09:16:58,0,22,85,1
2023-12-20 02:53:03,0,466,84,1
2023-05-29 16:22:52,0,403,162,2
2023-11-29 04:41:57,0,320,122,2
2023-11-23 14:45:29,0,149,98,1
2023-12-28 15:37:05,0,158,179,3
2023-04-27 03:01:56,0,26,94,1
2023-12-28 13:07:05,0,24,147,3
2023-11-29 02:51:07,0,338,165,2
2023-12-06 16:08:41,0,335,183,3
2023-05-27 13:08:39,0,201,158,2
2023-11-09 17:58:10,0,238,101,3
2023-09-02 21:32:29,0,183,151,2
2023-11-17 07:20:14,0,109,121,1
2023-12-05 23:40:14,0,67,25,3
2023-08-10 21:36:03,0,277,72,2
2023-11-29 01:18:04,0,427,3,1
2023-12-29 16:48:01,0,363,13,2
2023-10-28 21:39:53,0,411,92,2
2023-12-13 01:38:30,0,116,141,1
2023-12-28 10:48:02,0,454,168,3
2022-10-25 02:28:52,0,120,90,2
2023-12-10 20:34:35,0,330,171,3
2023-12-18 03:00:31,0,410,112,1
2023-12-18 19:25:44,0,252,177,2
2023-12-02 03:23:29,0,90,66,2
2023-07-19 04:46:28,0,140,107,3
2023-12-27 05:05:38,0,3,44,1
2023-08-13 21:26:24,0,497,140,1
2023-07-27 21:50:37,0,16,53,3
2023-08-17 06:52:48,0,218,141,2
2023-08-09 14:54:19,0,181,81,1
2023-10-22 03:21:51,0,231,93,2
2023-12-24 06:53:19,0,45,47,1
2022-08-26 22:24:46,0,91,17,3
2023-11-07 00:27:40,0,324,78,1
2023-11-25 23:40:07,0,365,165,2
2023-10-30 10:11:24,0,124,29,1
2023-06-29 13:24:54,0,204,188,3
2023-12-28 11:56:37,0,173,150,2
2023-12-11 11:32:10,0,105,86,2
2023-12-23 23:05:21,0,329,143,1
2023-12-25 19:10:56,0,325,35,1
2023-12-30 00:33:11,0,357,113,2
2023-01-28 16:49:32,0,125,127,2
2023-12-30 21:37:49,0,500,128,2
2023-01-25 10:52:23,0,327,144,2
2023-11-20 05:51:45,0,31,51,3
2023-11-16 20:31:46,0,244,51,3
2023-11-13 10:08:58,0,251,130,3
2023-07-11 19:46:15,0,400,52,2
2023-11-07 00:17:31,0,192,109,2
2023-12-30 18:11:26,0,49,192,2
2023-12-23 15:39:45,0,300,169,1
2023-12-30 06:05:13,0,267,1,2
2023-06-25 15:02:34,0,352,11,2
2023-12-26 22:09:31,0,337,168,3
2023-12-30 17:27:25,0,27,46,1
2023-12-17 04:32:26,0,230,120,3
2023-12-12 06:38:03,0,460,48,2
2023-12-28 01:29:29,0,393,40,2
2023-12-12 11:05:35,0,424,103,2
2023-12-20 02:15:41,0,160,153,3
2023-12-23 23:20:40,0,161,66,2
2023-11-30 06:20:03,0,164,147,2
2023-12-03 22:10:35,0,364,133,2
2023-03-22 02:13:13,0,406,50,1
2023-11-26 20:56:56,0,408,7,1
2023-12-29 19:49:25,0,298,46,1
2023-12-30 04:23:27,0,285,131,1
2023-12-24 12:03:34,0,233,195,2
2023-07-14 05:14:23,0,492,183,3
2023-10-03 13:35:03,0,453,78,2
2023-10-26 07:01:36,0,470,78,3
2023-02-15 04:58:46,0,335,88,2
2023-12-20 05:30:10,0,188,139,1
2023-09-02 11:25:46,0,334,57,3
2023-12-14 09:28:36,0,429,187,3
2022-12-05 23:59:41,0,150,162,3
2023-02-01 16:51:07,0,31,166,3
2023-08-11 07:29:27,0,165,175,1
2023-12-12 15:24:31,0,111,44,1
2023-06-21 21:05:06,0,475,36,1
2023-12-30 23:02:40,0,140,40,2
2023-12-14 14:55:19,0,94,135,1
2023-11-30 00:18:31,0,289,51,1
2023-08-28 00:48:32,0,128,100,2
2023-12-07 21:06:47,0,30,120,3
2023-12-27 01:50:10,0,107,112,3
2023-11-27 09:25:07,0,158,194,1
2023-11-15 05:36:34,0,294,145,1
2023-03-07 15:02:42,0,15,88,1
2023-10-12 03:11:30,0,216,103,2
2023-05-31 05:21:21,0,278,52,2
2023-11-10 22:30:35,0,243,74,1
2023-12-26 05:41:48,0,475,133,3
2023-11-17 14:54:44,0,323,174,2
2023-10-07 09:50:45,0,440,117,2
2023-12-30 16:34:42,0,451,71,1
2023-07-23 04:49:58,0,114,76,1
2023-09-16 10:04:27,0,70,183,3
2023-12-04 23:07:32,0,16,124,1
2023-04-03 07:43:28,0,103,164,3
2023-10-25 10:58:07,0,113,94,1
2023-11-25 03:56:55,0,393,157,3
2023-11-10 20:53:36,0,384,19,3
2023-12-29 23:51:22,0,104,34,2
2023-12-12 11:58:00,0,417,70,2
2023-12-19 00:49:28,0,482,160,1
2023-12-23 08:36:15,0,286,43,3
2023-09-11 20:39:10,0,109,75,2
2023-09-04 01:38:40,0,319,151,2
2022-11-23 20:55:22,0,219,91,1
2023-11-22 11:26:55,0,130,186,2
2023-11-03 15:19:16,0,279,165,1
2023-12-29 22:22:47,0,281,146,2
2023-11-11 18:45:06,0,340,176,2
2023-12-29 09:12:32,0,155,34,2
2023-05-17 15:45:33,0,62,170,3
2023-06-06 12:33:30,0,57,24,2
2023-12-28 05:37:22,0,415,184,2
2023-11-14 17:43:51,0,500,59,2
2023-09-23 13:14:09,0,144,82,1
2022-09-17 17:14:14,0,108,17,3
2023-11-25 17:12:22,0,458,190,2
2023-12-28 15:26:06,0,315,26,3
2023-10-18 06:34:26,0,492,105,1
2023-09-03 18:27:44,0,16,102,3
2023-12-27 14:31:57,0,135,63,1
2023-12-04 22:59:03,0,166,180,3
2023-11-14 11:41:46,0,242,106,1
2023-11-01 01:08:48,0,177,4,3
2023-12-26 01:50:39,0,145,63,2
2023-12-27 13:54:35,0,432,83,2
2023-12-28 12:35:41,0,280,184,2
2023-11-18 21:19:31,0,392,110,3
2023-10-03 10:23:54,0,244,20,2
2022-11-13 06:16:51,0,228,109,2
2022-07-03 01:55:25,0,51,164,2
2023-08-06 17:38:07,0,138,102,3
2023-12-29 06:31:21,0,458,128,2
2023-12-25 14:24:15,0,115,169,2
2023-10-05 12:20:47,0,340,129,3
2023-11-22 13:27:29,0,106,157,3
2023-08-19 22:41:56,0,101,29,1
2023-11-10 08:37:02,0,191,158,3
2023-12-28 05:59:10,0,198,186,3
2023-12-29 15:58:42,0,66,2,3
2023-10-25 05:43:16,0,189,159,2
2023-12-03 21:05:21,0,362,80,3
2023-11-25 03:03:43,0,28,18,1
2023-12-30 22:35:18,0,46,192,2
2023-12-27 07:50:22,0,123,25,2
2023-12-16 03:27:48,0,63,174,2
2023-12-27 22:25:54,0,38,197,1
2023-12-15 03:56:17,0,175,167,1
2023-12-23 05:37:41,0,354,143,1
2023-12-17 06:50:02,0,247,168,3
2023-08-24 09:00:26,0,312,24,2
2023-07-14 19:12:00,0,385,188,3
2023-11-17 21:25:44,0,402,152,3
2022-02-24 09:48:19,0,467,17,3
2023-10-21 06:48:54,0,21,62,3
2023-10-29 22:03:17,0,499,21,1
2023-08-17 19:39:25,0,132,163,2
2023-11-15 19:21:45,0,327,126,3
2023-12-01 11:38:20,0,455,157,3
2023-08-10 17:31:17,0,360,200,2
2023-10-14 11:04:36,0,3,153,2
2023-11-02 04:09:17,0,450,151,2
2023-12-29 14:25:53,0,41,27,2
2023-11-17 11:16:07,0,132,180,3
2023-08-17 03:25:31,0,232,54,2
2023-12-29 06:16:52,0,215,128,2
2023-01-06 10:02:19,0,483,188,3
2023-12-30 07:55:50,0,165,99,1
2023-07-31 07:12:45,0,334,21,1
2023-08-31 13:11:22,0,224,164,3
2023-09-30 03:03:27,0,231,8,1
2023-11-24 05:33:07,0,163,178,2
2023-07-13 20:40:41,0,85,52,2
2023-07-19 23:20:55,0,4,151,3
2023-12-16 06:09:41,0,328,120,2
2023-12-22 21:09:00,0,365,43,3
2023-11-16 20:39:52,0,126,59,3
2023-12-30 17:48:08,0,208,192,2
2023-10-01 11:21:39,0,116,21,2
2023-12-01 03:13:50,0,409,49,2
2023-10-18 08:58:05,0,191,147,2
2023-06-11 06:37:25,0,369,21,1
2023-11-04 02:25:08,0,75,82,1
2023-12-25 19:09:37,0,315,39,1
2023-11-23 10:26:53,0,431,31,2
2023-07-12 19:23:00,0,306,76,1
2023-11-25 12:43:48,0,338,193,2
2023-07-27 13:48:03,0,88,156,3
2023-12-30 16:13:01,0,21,192,2
2023-12-29 21:28:02,0,244,37,1
2023-11-21 10:47:34,0,100,66,2
2023-12-03 22:01:47,0,439,167,1
2023-12-21 22:57:47,0,474,48,3
2023-10-09 10:33:43,0,17,115,1
2023-12-30 02:35:37,0,326,34,3
2023-12-15 16:24:56,0,391,126,3
2023-12-06 21:23:36,0,403,99,1
2022-11-13 11:10:26,0,387,70,2
2023-10-24 03:28:47,0,181,138,2
2023-03-19 14:40:20,0,57,188,3
2023-11-30 22:48:06,0,444,51,3
2023-11-19 04:38:56,0,138,165,1
2023-07-22 17:03:46,0,283,182,3
2023-08-06 20:57:45,0,449,10,1
2023-12-26 11:49:26,0,316,13,2
2023-10-23 16:58:04,0,110,189,3
2023-12-27 17:00:05,0,218,179,3
2023-10-31 06:05:24,0,204,81,3
2023-11-11 19:45:44,0,462,151,2
2022-09-09 04:52:43,0,436,164,3
2023-11-12 17:16:40,0,301,79,1
2023-12-08 13:56:20,0,266,103,2
2023-09-03 10:26:38,0,138,7,1
2023-10-01 06:46:10,0,368,76,1
2023-10-23 11:16:14,0,368,78,1
2023-11-16 10:52:33,0,143,126,2
2023-07-21 16:52:51,0,64,59,2
2023-12-09 00:39:48,0,440,180,3
2023-06-26 01:11:33,0,330,191,1
2023-11-02 11:47:44,0,470,58,1
2023-12-30 11:03:18,0,197,69,2
2023-09-22 21:03:40,0,298,172,1
2023-06-12 15:19:45,0,233,74,1
2023-08-27 13:38:32,0,266,117,1
2023-12-18 06:59:07,0,230,190,2
2023-11-26 09:07:57,0,492,126,3
2023-11-29 16:16:56,0,185,32,1
2022-08-02 23:14:46,0,179,139,1
2023-03-18 16:03:47,0,393,64,3
2023-12-28 13:18:48,0,364,43,3
2023-12-23 04:59:32,0,361,49,1
2023-12-30 20:43:44,0,277,14,3
2023-12-18 09:41:28,0,443,2,1
2023-10-12 14:45:56,0,216,75,3
2023-11-11 11:12:02,0,403,19,3
2022-11-13 12:44:30,0,495,170,1
2023-12-30 17:38:08,0,88,14,3
2023-12-20 10:12:25,0,190,16,3
2023-12-29 01:06:34,0,469,179,3
2023-03-01 01:31:20,0,205,189,1
2023-09-12 08:15:35,0,268,21,2
2023-11-12 07:49:10,0,103,21,2
2023-12-30 07:36:01,0,262,37,1
2023-10-19 08:03:00,0,437,176,2
2023-12-22 12:34:04,0,209,186,2
2023-12-12 08:13:32,0,91,30,3
2023-12-10 06:10:40,0,242,187,1
2023-08-09 02:22:59,0,14,64,1
2023-11-20 17:52:50,0,368,30,3
2023-09-05 19:41:16,0,153,111,1
2023-08-08 07:39:31,0,250,117,3
2023-12-10 04:55:18,0,357,187,2
2023-11-27 17:27:23,0,89,106,3
2023-11-07 00:17:31,0,192,85,2
2023-12-28 12:43:45,0,14,137,3
2023-09-14 03:59:50,0,186,119,2
2023-12-15 14:33:10,0,429,198,1
2023-12-05 12:11:24,0,86,133,2
2023-10-08 12:56:37,0,105,75,2
2023-03-03 06:31:17,0,407,17,3
2023-07-22 12:48:51,0,292,6,2
2023-09-15 21:34:45,0,203,53,1
2023-11-15 21:33:29,0,341,103,2
2023-12-30 13:11:54,0,459,173,1
2023-12-30 09:11:13,0,463,131,1
2023-12-30 13:14:32,0,340,184,3
2023-12-08 14:15:47,0,442,89,2
2023-01-28 17:25:45,0,61,181,2
2023-11-21 06:45:46,0,254,121,1
2023-08-31 02:05:47,0,270,109,2
2023-12-05 22:11:20,0,362,141,2
2023-12-09 19:58:12,0,462,83,2
2023-12-06 16:37:05,0,296,160,1
2023-08-15 07:45:52,0,78,158,1
2023-06-27 18:55:53,0,403,4,1
2023-07-09 15:44:00,0,487,182,3
2023-12-30 07:38:52,0,267,192,2
2023-10-14 06:13:46,0,186,66,3
2023-12-28 01:29:32,0,60,51,3
2023-12-22 06:08:31,0,222,134,2
2023-12-06 19:22:23,0,469,121,1
2023-10-20 15:22:27,0,193,66,2
2023-12-24 23:12:45,0,487,99,3
2023-12-12 08:02:42,0,443,108,3
2022-07-28 19:32:17,0,84,62,3
2023-12-07 11:14:16,0,98,76,1
2023-09-05 06:52:16,0,387,74,1
2023-11-05 14:03:48,0,278,124,1
2023-05-30 04:49:52,0,56,60,1
2023-12-06 02:37:48,0,440,35,2
2022-03-17 15:43:23,0,221,62,1
2023-11-23 00:15:12,0,457,5,3
2022-08-21 04:12:14,0,345,100,1
2023-12-30 12:41:06,0,183,42,2
2023-07-05 03:41:35,0,78,74,1
2023-11-05 11:00:18,0,379,4,1
2023-11-28 23:22:38,0,249,89,1
2023-08-31 18:50:24,0,201,28,3
2022-09-27 23:32:03,0,255,151,1
2023-11-28 12:00:05,0,178,2,3
2023-12-29 08:28:33,0,491,113,2
2023-11-15 02:49:55,0,479,147,3
2023-10-28 21:45:56,0,112,51,1
2023-01-27 00:45:17,0,88,144,3
2023-12-30 00:08:11,0,128,69,1
2023-10-12 05:53:12,0,5,198,3
2023-12-26 16:11:38,0,59,160,1
2023-12-30 14:39:35,0,453,108,1
2023-12-29 00:53:15,0,382,128,2
2023-12-08 19:54:46,0,492,99,3
2023-09-19 17:01:19,0,324,96,2
2022-10-15 22:11:36,0,143,151,1
2023-12-19 17:04:02,0,278,8,1
2023-12-28 13:42:35,0,126,71,3
2023-11-24 21:39:46,0,109,68,3
2023-10-02 16:10:29,0,448,68,1
2023-01-10 16:11:32,0,328,90,2
2023-10-19 03:16:16,0,54,10,1
2023-12-15 03:18:41,0,232,193,2
2023-11-30 07:56:57,0,1,147,2
2023-11-15 04:07:39,0,475,111,1
2023-12-05 02:28:43,0,260,6,1
2023-03-25 16:21:24,0,251,8,1
2023-04-22 15:28:21,0,119,175,2
2023-12-22 11:07:04,0,295,38,1
2023-03-31 12:14:52,0,396,12,1
2023-12-22 19:36:29,0,58,6,1
2023-12-22 03:44:43,0,125,35,2
2023-01-04 10:46:10,0,185,127,2
2023-10-10 08:51:29,0,83,55,1
2023-10-31 13:30:50,0,241,96,2
2023-12-25 19:38:16,0,360,67,1
2022-11-09 20:41:34,0,32,90,2
2023-11-01 21:31:04,0,8,23,2
2022-11-08 09:12:39,0,475,151,1
2022-11-07 01:07:19,0,393,50,1
2023-10-14 13:27:30,0,125,19,3
2023-12-29 19:35:56,0,387,34,3
2023-06-01 07:10:21,0,242,177,2
2023-12-17 16:21:39,0,203,159,2
2023-10-27 21:51:59,0,57,115,2
2023-12-09 10:49:43,0,164,193,2
2023-11-29 13:03:53,0,77,138,2
2023-12-03 20:37:22,0,174,174,2
2022-11-14 18:53:47,0,135,170,2
2023-09-06 13:23:13,0,56,104,3
2023-12-29 03:17:36,0,423,41,2
2023-12-15 06:57:42,0,140,168,3
2023-12-15 04:06:59,0,150,154,2
2023-12-10 17:02:18,0,292,171,2
2023-07-16 03:49:14,0,55,36,3
2023-12-24 10:10:30,0,311,89,2
2023-06-09 09:12:17,0,366,74,1
2023-11-28 12:32:26,0,156,123,1
2023-11-09 16:35:16,0,412,4,1
2023-07-26 15:59:11,0,362,29,1
2023-09-17 00:43:02,0,484,140,1
2023-04-17 18:22:53,0,24,111,1
2023-11-10 16:28:12,0,152,89,1
2023-10-24 14:51:48,0,477,154,2
2023-12-30 15:45:04,0,142,46,1
2023-08-08 13:02:03,0,226,76,1
2023-02-26 15:37:13,0,275,102,3
2023-08-16 17:53:36,0,349,36,1
2023-11-14 03:12:49,0,196,107,3
2023-12-29 02:46:13,0,42,171,1
2023-06-28 08:06:25,0,390,4,1
2023-03-24 12:45:23,0,335,12,3
2023-12-27 11:53:03,0,347,49,3
2023-05-14 07:25:18,0,72,170,3
2023-11-24 09:34:52,0,360,120,2
2023-09-19 16:34:08,0,99,68,1
2022-07-03 21:05:40,0,77,17,3
2023-12-01 09:49:12,0,199,82,1
2023-11-14 10:40:11,0,196,31,2
2023-11-30 06:37:37,0,308,126,3
2023-10-05 03:10:22,0,103,178,2
2023-11-10 17:24:23,0,282,93,2
2023-04-27 08:09:22,0,433,102,3
2023-12-30 15:28:52,0,221,39,1
2023-11-23 08:21:37,0,296,149,1
2023-12-30 23:38:18,0,394,69,2
2023-11-25 03:03:43,0,28,139,2
2022-08-24 00:04:07,0,120,52,2
2023-12-07 21:12:03,0,338,134,1
2023-11-26 12:20:48,0,311,112,1
2023-09-22 00:24:05,0,414,151,1
2023-12-22 13:33:27,0,433,51,3
2023-12-02 04:04:17,0,43,193,2
2023-12-30 16:59:45,0,25,174,2
2023-02-06 02:06:41,0,275,109,2
2023-12-28 02:17:12,0,405,137,3
2023-12-13 01:47:46,0,29,25,1
2023-10-20 21:30:30,0,134,54,2
2023-07-05 15:03:32,0,42,36,1
2023-12-29 06:01:06,0,445,129,3
2023-12-16 14:32:13,0,396,48,2
2023-12-14 03:35:33,0,423,132,2
2023-05-07 12:14:15,0,180,111,1
2023-06-03 17:32:33,0,185,181,3
2023-12-06 18:07:51,0,309,149,2
2023-12-25 04:37:30,0,257,130,3
2023-06-16 00:30:37,0,279,8,1
2023-09-25 13:32:18,0,260,134,2
2023-12-20 16:07:54,0,91,73,1
2023-12-12 22:21:18,0,449,44,1
2023-12-30 09:01:20,0,258,173,1
2023-07-07 14:20:58,0,65,182,3
2023-12-29 18:07:07,0,240,137,3
2023-10-11 17:13:47,0,300,172,1
2023-12-27 19:10:12,0,334,87,3
2023-10-26 00:37:10,0,431,163,1
2023-12-21 10:19:44,0,5,169,3
2023-10-12 22:57:04,0,472,178,2
2023-12-28 22:03:15,0,316,67,3
2023-12-27 00:50:16,0,38,157,2
2023-10-12 16:38:39,0,466,18,1
2022-10-08 20:20:22,0,9,189,3
2023-01-26 12:21:32,0,81,100,2
2023-12-12 23:42:32,0,405,186,2
2023-07-06 20:20:50,0,314,139,2
2023-12-21 20:15:12,0,359,110,1
2023-11-14 18:41:55,0,402,116,2
2023-11-26 17:07:48,0,180,104,3
2023-12-21 09:23:40,0,486,186,3
2023-10-31 05:04:03,0,36,22,3
2023-12-30 20:00:22,0,387,146,2
2023-12-30 00:41:57,0,355,71,3
2023-12-24 23:04:09,0,132,67,3
2023-12-07 09:16:17,0,113,156,1
2023-06-05 13:01:05,0,486,24,2
2023-12-11 21:04:37,0,452,51,1
2023-12-29 13:19:45,0,141,16,2
2023-12-17 02:14:43,0,46,178,2
2023-12-05 08:24:47,0,324,121,3
2023-04-12 05:41:10,0,125,109,2
2023-06-18 04:41:26,0,77,8,1
2023-11-03 23:12:03,0,480,50,3
2023-02-16 11:22:35,0,453,170,1
2023-10-20 17:18:55,0,400,147,1
2023-11-23 04:51:46,0,162,5,1
2023-12-13 13:22:37,0,323,32,2
2023-11-11 20:37:42,0,476,130,3
2023-12-30 14:49:44,0,363,129,3
2022-09-07 20:21:29,0,359,109,2
2023-11-03 12:15:07,0,38,104,2
2023-11-11 18:08:35,0,424,107,3
2023-11-26 04:38:19,0,199,31,2
2023-12-30 15:47:39,0,314,1,2
2023-12-15 01:28:21,0,372,200,3
2023-09-14 00:16:17,0,22,96,2
2023-12-09 14:32:01,0,235,133,1
2023-10-29 19:39:34,0,458,177,2
2023-12-28 10:08:43,0,500,33,2
2023-12-23 22:20:51,0,222,155,2
2023-12-27 13:16:09,0,169,112,1
2022-12-21 08:29:10,0,72,95,2
2023-12-26 05:11:25,0,231,15,2
2023-09-11 00:25:20,0,231,90,2
2023-12-21 08:12:43,0,20,56,1
2023-12-28 13:59:15,0,496,199,3
2023-02-15 04:21:40,0,92,95,2
2023-12-21 18:29:35,0,343,183,1
2023-09-26 08:01:42,0,379,125,1
2023-12-04 00:01:33,0,104,114,2
2023-01-06 17:55:11,0,19,189,3
2023-12-28 21:55:16,0,492,56,1
2023-12-17 23:29:18,0,371,150,2
2023-09-01 23:59:18,0,251,70,2
2023-12-18 07:40:11,0,476,38,1
2023-06-13 00:01:27,0,247,94,1
2023-12-30 16:33:18,0,276,69,2
2023-11-24 18:21:24,0,86,185,3
2023-12-02 16:20:27,0,9,194,1
2023-11-02 02:19:44,0,313,29,1
2023-11-23 17:42:00,0,494,21,1
2023-11-09 01:38:45,0,293,24,1
2023-07-07 04:13:43,0,177,175,3
2023-09-29 07:26:14,0,234,158,2
2023-12-28 05:18:41,0,496,45,2
2023-11-27 16:02:57,0,215,98,2
2023-10-16 06:18:10,0,124,183,3
2023-12-28 01:40:07,0,89,155,1
2023-07-25 15:26:50,0,34,109,2
2023-11-26 05:26:52,0,280,89,2
2023-09-28 14:36:04,0,234,75,1
2023-12-09 15:27:55,0,438,87,2
2023-12-07 04:50:01,0,104,73,1
2023-11-11 09:35:04,0,178,140,3
2023-11-11 16:26:41,0,64,32,1
2023-10-01 12:42:44,0,447,94,1
2023-10-19 10:40:02,0,466,145,1
2023-12-20 20:11:40,0,6,83,2
2023-12-30 06:13:28,0,224,197,2
2023-12-21 21:53:49,0,316,65,2
2023-12-13 01:51:41,0,214,73,1
2023-12-22 21:27:17,0,213,43,3
2023-11-20 22:54:13,0,138,115,2
2023-11-18 06:08:01,0,282,47,2
2023-12-30 07:10:07,0,177,146,2
2023-11-20 13:57:04,0,128,130,3
2023-12-22 23:48:05,0,437,120,3
2023-12-30 05:20:44,0,199,1,2
2023-01-08 16:16:21,0,401,18,1
2023-12-20 03:15:35,0,189,108,3
2023-10-20 22:14:50,0,290,36,1
2023-08-04 14:26:16,0,161,6,1
2023-05-28 21:28:19,0,102,125,1
2023-12-25 15:34:59,0,403,104,2
2023-10-14 23:02:27,0,62,68,1
2023-12-04 00:22:22,0,150,187,2
2023-12-29 18:06:51,0,66,148,3
2023-05-28 05:41:01,0,319,90,2
2023-12-13 15:53:33,0,483,164,2
2023-12-21 12:19:17,0,496,56,2
2023-06-01 19:45:37,0,482,114,2
2023-12-30 07:46:26,0,290,192,2
2023-11-04 02:55:47,0,68,102,3
2023-12-22 16:45:59,0,474,61,1
2023-12-27 20:56:01,0,33,184,3
2023-12-28 05:52:05,0,132,65,3
2023-12-26 21:19:15,0,193,45,2
2023-12-20 05:30:10,0,188,27,2
2023-04-17 13:39:37,0,418,191,1
2023-10-26 02:07:15,0,345,132,2
2023-12-07 16:19:32,0,364,167,1
2023-11-25 21:25:41,0,218,186,3
2023-12-08 02:38:16,0,485,7,1
2023-12-18 06:46:24,0,79,67,3
2023-10-18 20:39:27,0,426,129,3
2023-12-19 22:25:19,0,274,83,2
2023-10-28 08:24:36,0,467,163,2
2023-12-09 16:46:49,0,298,112,1
2023-09-05 16:18:56,0,269,29,1
2023-12-29 16:11:56,0,348,39,1
2023-08-24 06:53:04,0,441,116,2
2022-12-25 05:47:02,0,145,191,1
2023-12-30 19:36:40,0,85,14,2
2023-07-16 23:45:18,0,24,54,2
2023-12-22 08:13:45,0,494,169,2
2023-10-02 09:27:40,0,397,53,3
2023-12-20 06:43:44,0,373,61,2
2023-10-04 17:10:55,0,227,105,2
2023-09-28 05:59:34,0,132,68,1
2023-07-31 23:17:19,0,334,119,2
2023-12-19 22:17:56,0,4,134,1
2023-10-04 05:30:53,0,465,134,1
2023-11-16 22:01:30,0,355,138,2
2023-04-28 05:54:14,0,184,140,3
2023-12-15 22:20:20,0,127,25,1
2023-10-31 05:46:32,0,55,200,3
2023-08-01 16:42:11,0,316,125,2
2023-08-15 04:59:12,0,290,183,3
2023-12-02 15:46:26,0,172,10,2
2023-12-23 18:51:21,0,235,169,2
2023-12-29 19:07:51,0,241,83,2
2023-12-20 00:09:47,0,91,115,1
2023-12-10 00:16:40,0,128,187,1
2023-06-24 19:35:47,0,121,90,2
2023-12-19 10:44:28,0,69,186,3
2023-12-28 14:16:50,0,434,30,2
2023-10-13 17:45:21,0,224,103,2
2023-10-12 16:38:39,0,466,195,2
2023-10-13 01:21:10,0,419,193,2
2023-12-23 02:41:50,0,164,5,1
2023-11-25 13:33:08,0,450,117,2
2023-11-11 20:51:47,0,293,19,3
2023-12-08 16:18:48,0,265,7,1
2023-11-02 09:36:43,0,237,153,2
2023-12-23 13:58:01,0,406,157,3
2022-04-29 03:59:54,0,121,18,1
2023-01-10 10:07:25,0,480,22,3
2023-02-26 21:47:03,0,328,127,2
2023-06-07 21:32:54,0,255,156,2
2023-12-30 23:32:07,0,225,37,3
2023-12-30 15:52:01,0,342,146,2
2023-12-16 04:19:29,0,85,86,3
2023-12-29 07:48:50,0,500,34,1
2023-12-07 01:34:27,0,7,35,1
2023-12-17 08:03:46,0,66,121,1
2023-10-11 08:05:14,0,341,74,1
2023-12-28 15:47:49,0,38,45,2
2023-12-30 20:50:31,0,279,39,1
2023-04-16 10:46:23,0,202,102,3
2023-12-20 12:27:28,0,267,147,2
2023-12-20 22:45:12,0,197,147,2
2023-10-12 12:38:51,0,59,19,3
2023-12-21 20:41:26,0,45,61,3
2023-12-28 00:27:43,0,25,148,3
2023-11-06 03:56:08,0,385,104,2
2023-12-14 09:07:50,0,286,20,3
2023-12-16 19:43:04,0,443,160,1
2023-08-09 21:42:12,0,41,182,3
2023-12-23 03:44:22,0,202,43,3
2023-12-29 19:19:07,0,155,146,2
2023-12-24 17:19:23,0,11,186,2
2023-12-10 19:54:50,0,234,84,1
2023-12-06 12:01:57,0,113,73,1
2023-04-12 21:05:53,0,299,95,2
2023-07-12 09:32:34,0,275,90,2
2023-01-07 10:16:12,0,467,185,3
2023-12-16 13:57:34,0,46,118,1
2023-12-21 06:33:43,0,433,168,3
2023-12-28 10:56:19,0,149,173,1
2023-12-25 19:10:53,0,302,47,2
2022-11-01 18:21:38,0,393,24,1
2023-12-10 15:47:51,0,190,123,2
2023-12-29 01:12:15,0,461,2,3
2023-12-28 20:10:09,0,171,71,1
2023-05-10 08:54:48,0,147,81,1
2023-09-26 09:41:49,0,472,183,3
2023-08-24 15:34:01,0,156,109,2
2023-10-17 00:21:40,0,495,140,1
2023-02-20 23:59:42,0,396,170,1
2023-12-25 15:45:13,0,307,153,1
2023-12-08 12:10:40,0,497,49,2
2023-12-24 17:46:51,0,309,49,1
2023-12-25 05:11:22,0,92,38,2
2023-11-11 20:56:08,0,163,191,1
2023-02-04 15:58:34,0,454,102,3
2023-12-03 15:33:35,0,435,98,3
2023-11-02 09:39:48,0,386,54,3
2023-12-06 06:17:55,0,363,153,2
2023-12-01 07:56:19,0,171,22,3
2023-12-30 11:44:15,0,405,146,2
2023-12-24 12:46:10,0,6,101,1
2023-12-20 19:44:06,0,128,102,3
2023-11-16 03:01:37,0,337,117,1
2023-12-04 16:17:36,0,419,165,1
2023-12-06 08:09:35,0,362,51,1
2023-08-19 12:22:56,0,406,200,2
2023-10-27 19:35:23,0,393,47,1
2023-12-30 01:01:50,0,304,131,3
2022-10-24 05:02:56,0,492,24,2
2023-12-30 13:46:31,0,130,46,1
2023-12-29 16:36:04,0,332,46,1
2023-11-01 04:21:33,0,92,114,3
2023-12-16 19:02:01,0,286,98,3
2023-12-28 18:34:30,0,232,113,3
2023-11-25 02:01:25,0,62,66,2
2023-09-20 19:18:48,0,90,114,3
2023-09-27 17:23:58,0,68,195,2
2023-02-03 07:56:05,0,237,102,1
2023-09-02 09:04:51,0,209,11,3
2023-04-11 06:35:25,0,71,17,3
2023-11-21 02:14:35,0,103,124,1
2023-07-13 12:26:07,0,264,9,1
2023-07-23 15:10:20,0,89,93,2
2023-10-16 20:22:02,0,9,198,2
2023-12-18 16:41:52,0,228,115,1
2023-11-19 03:30:57,0,94,50,1
2023-11-22 21:03:27,0,303,72,2
2023-12-30 01:20:11,0,258,37,3
2023-11-03 05:56:48,0,72,19,3
2023-01-29 15:08:48,0,366,164,1
2023-12-10 08:17:15,0,477,80,3
2023-05-19 04:58:28,0,277,52,2
2023-12-17 15:56:05,0,213,104,2
2023-10-17 23:22:31,0,272,156,2
2023-12-09 22:24:18,0,329,171,3
2023-12-11 07:05:12,0,66,142,3
2023-02-01 14:51:20,0,435,102,1
2023-10-25 07:16:25,0,199,166,2
2023-12-26 13:19:16,0,331,45,3
2023-11-04 06:58:16,0,101,176,2
2023-12-24 17:28:20,0,288,45,2
2023-12-18 03:19:51,0,225,125,1
2023-10-01 12:42:44,0,447,189,1
2023-10-10 05:27:04,0,357,96,2
2023-09-23 14:35:39,0,471,6,2
2023-11-26 13:54:51,0,291,110,3
2023-08-21 05:52:30,0,220,117,3
2023-12-28 00:57:50,0,162,44,1
2023-11-10 16:10:04,0,357,58,1
2023-12-28 10:21:26,0,141,169,1
2023-12-26 17:14:21,0,329,45,1
2023-12-05 23:41:19,0,121,135,1
2023-10-30 12:01:21,0,276,55,3
2023-08-15 21:15:16,0,221,59,3
2023-12-24 12:37:37,0,315,73,1
2023-10-31 13:30:50,0,241,158,2
2023-10-24 23:53:47,0,323,145,1
2023-11-05 20:50:57,0,102,117,3
2023-12-27 14:04:27,0,198,184,3
2023-11-17 02:03:56,0,266,79,1
2023-12-19 12:18:03,0,300,77,1
2023-12-12 05:03:30,0,371,138,2
2023-12-21 09:49:18,0,218,87,2
2023-12-29 22:49:06,0,147,33,2
2023-12-27 20:30:17,0,25,45,1
2023-12-02 00:38:28,0,279,147,2
2023-12-29 21:39:53,0,236,46,1
2023-11-25 16:33:55,0,175,84,1
2023-12-23 01:01:57,0,256,97,3
2023-08-26 03:23:13,0,26,111,1
2023-12-07 13:25:16,0,185,121,3
2023-12-05 10:58:09,0,87,27,1
2023-06-26 02:16:56,0,232,164,2
2023-12-14 19:28:13,0,313,31,2
2023-12-30 00:29:18,0,45,146,2
2023-10-31 10:22:40,0,137,76,1
2023-11-25 12:28:20,0,212,51,1
2023-03-19 10:49:12,0,187,127,3
2023-12-13 12:07:16,0,201,25,2
2023-11-30 08:47:37,0,153,48,3
2023-12-25 15:24:04,0,27,143,1
2023-12-30 15:51:06,0,369,46,1
2023-10-27 16:16:56,0,66,106,3
2023-04-16 13:16:01,0,444,100,1
2023-12-28 08:16:54,0,154,63,1
2023-12-29 15:19:20,0,50,108,1
2023-02-24 04:49:46,0,289,3,1
2023-12-02 19:33:58,0,255,86,2
2023-12-30 22:52:41,0,75,41,2
2023-12-29 21:21:34,0,106,56,1
2023-10-15 14:12:44,0,57,145,3
2023-08-11 17:34:49,0,236,47,2
2023-12-22 20:32:23,0,418,190,2
2023-08-18 17:48:00,0,23,81,1
2023-11-16 01:05:03,0,329,78,3
2023-12-04 14:21:20,0,252,133,2
2023-09-05 09:24:57,0,298,54,3
2023-12-15 07:26:39,0,288,114,3
2023-09-02 08:05:26,0,454,152,3
2023-09-14 09:33:41,0,446,55,3
2023-05-20 05:01:06,0,16,166,3
2023-12-13 07:21:26,0,158,94,1
2023-12-26 21:56:58,0,340,27,1
2023-12-27 22:43:43,0,88,38,2
2023-08-13 01:00:09,0,338,8,2
2023-12-27 02:02:11,0,159,98,2
2023-12-08 22:40:58,0,337,182,3
2022-12-24 13:21:15,0,397,188,3
2023-12-29 10:17:17,0,9,84,1
2023-12-28 01:28:00,0,490,63,1
2023-12-03 17:44:19,0,234,114,2
2023-12-13 16:04:35,0,288,49,1
2023-12-29 19:12:14,0,466,71,1
2023-12-30 12:30:34,0,460,192,2
2023-11-06 23:03:44,0,355,74,1
2023-08-31 11:39:21,0,174,92,2
2023-12-27 18:53:24,0,324,58,1
2023-11-29 10:28:06,0,11,196,3
2023-12-19 20:25:10,0,344,5,1
2023-12-30 19:04:00,0,462,192,2
2023-12-15 16:28:26,0,80,159,2
2023-06-13 10:56:03,0,137,4,3
2023-11-13 06:34:02,0,475,126,2
2023-10-19 17:13:14,0,474,162,2
2023-12-28 04:59:57,0,218,16,3
2023-01-02 02:56:06,0,395,188,3
2023-12-17 06:23:08,0,399,135,2
2023-01-21 06:45:04,0,405,85,1
2023-08-14 04:59:52,0,457,74,1
2023-02-01 03:47:37,0,325,166,2
2023-12-11 08:55:54,0,277,84,1
2023-05-11 08:46:24,0,416,50,1
2023-12-30 20:40:01,0,308,14,3
2023-12-25 19:35:52,0,496,63,2
2023-08-21 11:24:57,0,152,93,2
2023-12-09 21:19:59,0,24,97,3
2023-12-28 17:02:04,0,462,65,3
2023-11-28 13:13:43,0,35,2,1
2023-12-22 11:28:18,0,139,183,1
2023-12-26 18:06:38,0,328,179,3
2023-07-26 03:04:59,0,23,182,3
2023-12-04 11:25:32,0,8,126,1
2023-11-14 06:09:24,0,464,55,1
2023-12-30 19:10:55,0,103,48,3
2023-12-30 14:58:07,0,409,46,1
2023-10-19 04:29:56,0,124,178,2
2023-03-08 09:32:12,0,440,162,3
2023-11-15 22:12:38,0,97,75,2
2023-01-19 04:11:49,0,222,64,3
2023-12-21 16:28:03,0,167,160,1
2023-10-15 02:47:59,0,148,116,2
2023-11-03 12:15:18,0,404,58,1
2023-12-25 05:22:22,0,10,55,3
2023-07-12 18:09:10,0,211,96,2
2023-10-20 03:59:49,0,425,151,3
2022-05-03 15:52:52,0,314,119,3
2023-09-20 09:28:20,0,55,104,3
2023-11-25 03:03:43,0,28,130,3
2023-07-12 17:18:20,0,295,161,3
2023-11-01 23:37:25,0,158,118,3
2023-06-01 15:46:08,0,489,170,3
2023-12-28 02:51:15,0,353,184,2
2023-12-20 19:28:58,0,267,120,3
2023-12-12 21:12:40,0,11,132,2
2023-11-18 01:30:24,0,240,68,3
2023-09-15 21:49:47,0,127,93,2
2023-12-23 22:28:37,0,7,148,3
2023-05-15 11:32:26,0,305,36,1
2023-12-28 05:32:20,0,286,40,2
2022-12-24 07:31:56,0,138,62,3
2023-11-01 12:07:06,0,124,174,2
2023-12-29 05:43:35,0,177,16,3
2023-12-02 19:54:44,0,11,180,3
2023-10-13 08:08:12,0,464,161,3
2023-08-31 01:07:40,0,251,72,1
2023-12-19 05:24:44,0,137,150,1
2023-12-29 13:33:49,0,12,54,2
2023-12-10 17:27:49,0,278,58,1
2023-12-09 20:04:48,0,413,87,2
2023-12-03 22:17:54,0,85,160,1
2023-08-06 02:47:03,0,139,29,1
2023-07-10 15:59:36,0,480,53,1
2023-12-21 11:10:44,0,409,87,3
2023-10-29 03:18:23,0,122,154,2
2023-12-07 23:20:33,0,208,181,3
2023-12-23 16:41:59,0,306,98,2
2023-07-17 00:59:48,0,27,52,2
2023-07-01 06:42:07,0,207,125,3
2023-09-24 18:06:33,0,415,166,3
2023-08-04 13:30:39,0,156,125,2
2023-12-29 16:30:24,0,440,41,2
2023-11-07 17:18:29,0,489,198,3
2023-12-11 19:19:39,0,363,54,2
2023-12-29 04:28:52,0,99,197,2
2023-12-30 20:12:10,0,444,128,2
2023-10-07 01:02:32,0,124,77,2
2023-11-28 08:59:57,0,337,78,1
2023-07-29 02:05:08,0,351,28,3
2023-11-12 01:48:33,0,341,93,2
2023-12-13 23:59:42,0,169,160,1
2023-07-22 07:17:50,0,10,28,3
2022-11-17 16:16:00,0,269,90,2
2023-12-11 21:40:27,0,334,99,1
2023-10-12 12:39:14,0,77,132,2
2023-06-30 03:37:35,0,145,21,2
2023-10-12 12:05:40,0,224,21,2
2023-05-08 15:17:48,0,292,22,3
2023-12-30 07:13:39,0,73,43,3
2023-10-31 01:24:09,0,297,152,1
2023-05-14 23:42:32,0,238,140,2
2023-12-30 16:50:04,0,379,71,3
2023-12-19 19:42:09,0,121,180,3
2023-11-22 14:57:04,0,67,159,2
2023-11-23 23:27:38,0,361,180,3
2022-01-02 04:32:56,0,52,17,3
2023-12-11 08:44:03,0,228,82,1
2023-12-30 19:52:50,0,467,128,2
2023-12-30 22:35:44,0,63,40,2
2023-12-29 18:07:12,0,471,186,3
2023-12-25 10:14:39,0,411,168,3
2023-10-19 11:31:28,0,61,132,2
2023-09-18 16:00:51,0,393,115,1
2023-12-16 17:54:54,0,447,175,2
2023-12-26 09:02:23,0,389,39,1
2023-12-28 22:01:11,0,21,173,1
2023-08-11 02:34:38,0,43,93,2
2023-05-20 04:59:06,0,43,96,2
2023-12-26 23:57:38,0,73,143,1
2023-09-02 12:54:05,0,190,163,3
2023-12-28 13:21:59,0,482,130,3
2023-11-12 03:38:24,0,298,53,1
2023-12-30 19:52:21,0,429,71,1
2023-11-22 07:59:50,0,244,190,2
2023-04-21 16:32:03,0,112,140,3
2023-08-17 01:45:37,0,143,92,2
2023-09-26 04:22:27,0,340,200,3
2023-10-03 03:46:48,0,305,176,2
2023-12-30 08:37:05,0,117,45,2
2022-07-28 05:05:30,0,386,109,2
2023-12-19 09:49:35,0,391,27,1
2023-12-05 12:28:40,0,296,167,1
2023-08-27 08:49:31,0,386,10,1
2023-12-28 13:33:41,0,50,135,1
2023-04-27 13:04:33,0,441,127,1
2023-08-10 05:18:46,0,141,102,3
2023-12-20 09:54:49,0,220,48,3
2023-12-20 16:42:32,0,266,65,3
2022-09-24 22:34:15,0,442,22,3
2023-11-15 23:39:03,0,367,32,2
2023-12-26 18:50:13,0,378,56,3
2023-10-06 18:56:28,0,117,95,2
2023-12-30 09:06:43,0,406,20,1
2023-05-20 07:09:19,0,124,189,3
2023-11-17 21:09:28,0,167,32,1
2023-04-24 03:57:03,0,340,100,1
2023-12-24 01:42:24,0,310,143,1
2023-12-22 16:36:46,0,141,16,3
2023-12-30 10:33:16,0,155,46,1
2023-12-30 14:10:15,0,409,1,2
2023-07-21 08:47:41,0,102,151,2
2023-06-13 21:58:26,0,248,91,1
2023-11-23 20:22:47,0,335,180,3
2023-12-29 15:34:48,0,226,46,1
2023-12-17 16:31:55,0,198,171,1
2023-10-14 03:03:47,0,81,75,1
2023-03-22 16:08:08,0,411,162,1
2023-12-28 02:57:59,0,60,40,2
2023-12-28 14:35:49,0,22,200,3
2023-11-29 03:24:07,0,280,30,2
2023-12-19 11:28:38,0,83,16,2
2023-10-17 01:30:00,0,229,64,3
2023-06-15 04:04:43,0,293,114,3
2023-12-21 12:01:01,0,290,61,3
2023-09-07 23:39:16,0,476,138,2
2023-12-22 11:20:12,0,273,150,3
2023-12-21 05:22:30,0,288,16,2
2023-12-21 05:05:14,0,208,169,1
2023-12-26 11:41:02,0,356,169,1
2023-11-29 13:33:15,0,42,121,1
2023-11-16 20:57:56,0,244,194,3
2023-12-30 20:24:33,0,405,14,2
2023-12-18 11:02:45,0,371,176,2
2023-11-16 10:19:53,0,277,68,1
2023-12-08 09:58:12,0,127,74,1
2023-11-02 23:08:39,0,284,145,2
2023-12-30 23:40:53,0,12,14,3
2023-12-30 13:48:41,0,379,40,2
2022-10-19 02:13:37,0,105,24,1
2023-05-10 00:31:08,0,383,62,1
2023-12-30 18:10:35,0,229,69,3
2023-12-30 21:23:17,0,18,192,2
2023-11-30 01:21:43,0,167,120,3
2023-07-17 07:30:15,0,209,9,3
2023-12-30 07:44:21,0,355,128,2
2023-12-09 11:24:59,0,195,20,1
2023-11-25 17:43:08,0,288,171,1
2023-12-29 14:01:25,0,247,34,2
2023-12-28 22:35:39,0,139,184,3
2023-12-20 13:25:47,0,466,65,3
2023-12-26 05:37:57,0,45,133,1
2023-12-15 07:33:11,0,356,2,3
2023-12-24 07:21:54,0,421,87,2
2023-12-30 09:49:24,0,149,155,2
2023-12-13 18:40:39,0,447,182,3
2023-10-24 23:01:58,0,165,86,2
2023-10-05 22:39:34,0,153,183,3
2023-04-17 17:55:33,0,407,12,1
2023-12-29 10:35:00,0,205,197,1
2023-11-07 20:49:12,0,39,68,3
2023-07-01 01:49:29,0,68,6,2
2023-12-15 11:51:46,0,458,187,1
2023-12-30 04:21:07,0,287,173,1
2023-04-11 12:44:32,0,26,50,1
2023-02-28 07:23:03,0,393,91,1
2023-10-17 07:39:21,0,196,152,3
2023-12-18 06:25:55,0,73,35,1
2023-10-26 17:23:44,0,56,27,2
2023-12-24 02:52:55,0,251,66,2
2023-09-07 09:09:23,0,327,159,2
2023-12-23 13:06:09,0,492,135,2
2023-10-21 05:38:20,0,491,8,2
2023-06-14 03:12:37,0,448,95,2
2023-12-28 01:05:09,0,477,199,3
2023-12-30 06:10:00,0,324,31,2
2023-12-25 22:11:52,0,419,61,3
2023-11-19 03:30:57,0,94,22,3
2023-10-21 08:20:19,0,180,147,3
2023-12-18 12:50:55,0,76,143,1
2023-09-13 19:59:06,0,56,140,3
2023-09-06 16:41:02,0,385,177,2
2022-10-29 22:43:15,0,245,52,2
2023-10-24 02:20:58,0,296,123,2
2023-10-21 13:59:21,0,298,147,2
2023-05-05 07:10:04,0,367,175,1
2023-12-10 13:42:15,0,289,31,2
2023-11-07 00:17:31,0,192,140,3
2022-11-19 16:05:47,0,29,90,2
2023-12-30 08:34:18,0,471,38,2
2023-12-29 09:04:46,0,445,34,2
2023-11-16 03:39:55,0,417,28,3
2023-12-27 06:33:41,0,371,108,1
2023-04-28 11:08:43,0,199,62,1
2023-12-24 13:50:37,0,298,39,1
2023-10-19 11:29:54,0,141,125,3
2023-12-19 15:05:29,0,330,79,3
2023-11-19 06:49:54,0,15,124,1
2023-09-04 04:59:36,0,187,154,2
2023-07-19 19:37:54,0,408,24,1
2023-12-29 03:37:13,0,497,16,3
2023-12-19 11:18:35,0,184,29,1
2023-09-04 13:12:59,0,25,12,3
2023-08-10 01:58:07,0,34,200,2
2023-04-08 01:11:54,0,180,151,2
2023-01-28 13:47:44,0,496,119,1
2023-12-11 15:34:55,0,138,2,3
2023-11-27 11:20:56,0,114,51,1
2023-02-03 06:56:47,0,312,189,3
2023-11-16 06:22:16,0,211,139,2
2023-12-21 10:00:41,0,265,87,2
2022-01-14 17:16:32,0,18,50,3
2023-12-22 10:19:42,0,204,89,1
2023-11-27 11:18:59,0,237,68,1
2023-11-25 03:03:43,0,28,117,3
2022-10-11 14:14:50,0,453,12,1
2023-12-30 20:37:19,0,84,146,2
2023-04-11 06:35:25,0,71,24,2
2023-12-20 12:36:44,0,382,186,3
2023-12-29 21:00:01,0,144,26,1
2023-11-20 17:09:12,0,476,142,3
2023-12-20 12:43:17,0,184,180,3
2023-10-01 21:42:44,0,499,172,1
2023-12-12 10:34:37,0,124,196,3
2023-05-31 03:03:44,0,236,177,2
2023-12-17 17:52:46,0,365,48,3
2023-03-11 17:40:52,0,365,151,3
2023-11-16 14:30:32,0,180,77,2
2023-12-30 14:47:14,0,449,14,3
2023-10-30 05:16:55,0,346,89,1
2023-12-21 01:54:10,0,449,23,1
2023-12-20 17:57:54,0,306,123,1
2023-12-29 11:47:39,0,208,56,2
2023-12-22 23:52:39,0,397,180,3
2023-12-02 16:38:31,0,100,35,2
2023-12-12 00:36:51,0,309,80,3
2023-12-30 22:06:33,0,411,40,2
2023-10-30 11:09:31,0,172,126,1
2023-12-19 05:07:22,0,480,25,2
2023-11-12 10:31:03,0,245,6,2
2023-12-30 12:44:33,0,498,184,3
2023-10-26 18:07:50,0,90,89,2
2023-11-29 01:31:13,0,26,32,1
2023-10-01 12:42:44,0,447,191,1
2023-11-05 02:45:55,0,224,68,3
2023-08-19 06:18:23,0,345,62,3
2023-12-12 23:31:13,0,157,133,1
2023-12-08 03:01:12,0,174,120,3
2023-12-14 21:49:47,0,235,56,1
2023-05-27 03:35:36,0,103,107,3
2023-12-05 18:26:33,0,291,25,3
2023-10-27 13:23:03,0,64,91,1
2023-11-06 19:39:01,0,246,103,2
2023-12-28 22:43:46,0,323,197,1
2023-07-10 11:47:01,0,131,76,1
2023-11-04 17:12:23,0,148,145,2
2023-07-16 16:01:14,0,446,115,1
2023-12-26 02:22:17,0,80,199,1
2023-10-19 16:57:15,0,205,122,2
2023-12-03 13:59:28,0,154,73,1
2023-12-03 16:17:47,0,165,191,1
2023-11-08 02:12:14,0,136,129,3
2023-12-29 05:00:42,0,146,168,3
2022-09-23 17:07:12,0,351,18,1
2023-12-16 12:03:34,0,248,49,1
2023-04-10 13:33:03,0,11,74,1
2023-05-14 20:33:27,0,401,11,3
2023-10-24 04:21:00,0,375,145,3
2023-11-08 08:35:30,0,247,110,1
2023-12-01 19:35:55,0,53,149,1
2023-12-10 09:35:59,0,203,73,1
2023-12-22 00:27:36,0,352,67,3
2023-12-17 02:51:31,0,95,56,3
2023-08-22 05:39:06,0,127,9,3
2023-12-15 20:07:31,0,455,25,1
2023-05-28 18:27:38,0,181,140,2
2023-07-20 06:51:15,0,231,53,1
2023-12-25 19:45:02,0,307,143,1
2023-04-01 19:42:35,0,114,144,2
2023-11-01 01:28:06,0,224,118,2
2023-12-28 15:59:53,0,194,173,1
2023-12-23 07:32:43,0,414,181,2
2023-11-21 02:59:05,0,389,165,1
2023-12-27 19:33:19,0,2,143,1
2023-12-29 07:40:56,0,35,179,3
2023-12-23 21:26:05,0,491,27,2
2023-11-05 16:25:08,0,30,106,2
2023-11-19 14:58:13,0,174,95,2
2023-11-21 21:04:02,0,392,135,1
2023-12-28 18:38:40,0,411,184,2
2023-10-20 08:34:40,0,319,145,2
2023-12-22 16:21:01,0,13,16,2
2023-12-29 15:46:58,0,462,35,2
2023-10-29 16:23:25,0,275,198,1
2023-12-25 01:52:25,0,303,143,1
2023-12-16 06:15:02,0,425,102,3
2023-11-20 18:38:15,0,167,135,2
2023-06-21 15:34:40,0,18,158,2
2023-10-07 17:09:48,0,65,66,3
2023-05-06 09:59:01,0,99,185,3
2023-06-26 13:58:24,0,176,125,1
2023-11-15 14:26:13,0,424,85,2
2023-12-09 11:24:59,0,195,28,3
2022-10-31 22:01:02,0,41,24,1
2023-12-16 15:58:21,0,195,165,1
2023-12-30 09:02:56,0,196,1,2
2023-12-30 15:29:48,0,148,184,2
2023-04-21 15:46:21,0,378,94,1
2023-06-19 12:42:36,0,295,76,1
2023-09-18 21:24:21,0,282,36,3
2023-12-08 20:17:33,0,359,190,2
2023-10-05 08:14:07,0,232,163,1
2023-12-08 00:22:40,0,301,48,2
2023-12-30 09:42:54,0,187,113,3
2023-03-30 18:58:20,0,123,70,2
2023-12-23 12:06:36,0,188,61,3
2023-11-10 15:06:24,0,411,121,2
2023-08-17 04:10:54,0,242,117,1
2023-12-30 15:34:23,0,477,33,2
2023-12-27 13:32:43,0,152,13,2
2023-12-04 02:56:37,0,253,8,2
2023-11-02 04:20:38,0,423,138,2
2023-12-29 17:36:32,0,375,30,2
2023-05-03 18:34:33,0,142,156,2
2023-12-30 00:17:18,0,216,40,2
2023-11-20 15:51:24,0,118,78,1
2023-11-05 00:36:33,0,214,7,1
2023-11-17 04:08:06,0,189,199,3
2023-11-16 05:17:10,0,50,88,1
2023-11-23 06:21:18,0,476,104,2
2023-12-23 01:07:38,0,211,15,2
2023-12-16 05:00:25,0,189,142,3
2023-11-19 15:05:58,0,267,124,1
2023-09-28 15:15:00,0,272,70,2
2023-12-22 04:53:48,0,32,67,1
2023-12-28 09:30:41,0,335,197,1
2023-11-02 11:01:24,0,58,154,3
2023-07-25 17:18:58,0,174,195,1
2023-12-18 19:43:14,0,355,147,2
2023-01-27 08:00:39,0,492,185,3
2023-12-08 07:54:29,0,377,190,2
2023-12-28 23:57:14,0,436,13,3
2023-12-20 23:49:25,0,147,155,2
2023-12-20 06:38:48,0,242,185,3
2023-11-07 08:20:49,0,461,130,3
2023-11-26 21:56:43,0,207,74,1
2023-01-25 23:54:21,0,81,95,2
2023-12-14 02:38:11,0,317,2,3
2023-06-03 01:44:02,0,345,181,3
2023-11-25 14:48:53,0,107,95,2
2023-11-16 12:48:25,0,156,104,2
2023-12-14 21:53:08,0,215,56,1
2023-12-13 03:51:36,0,437,83,2
2023-09-23 15:56:58,0,246,10,2
2023-10-07 22:18:41,0,34,11,3
2023-11-12 03:31:26,0,357,124,1
2023-11-04 23:07:27,0,46,193,2
2023-03-18 14:58:40,0,332,177,2
2023-10-18 09:10:55,0,221,106,1
2023-11-23 03:50:55,0,174,20,1
2023-12-26 09:10:28,0,169,63,1
2023-12-29 14:52:27,0,187,41,2
2023-12-30 07:02:14,0,285,1,2
2023-12-29 18:43:08,0,120,2,3
2023-12-09 14:43:43,0,92,167,1
2023-12-04 21:32:37,0,60,196,3
2023-11-28 10:09:57,0,401,135,2
2023-12-05 10:58:09,0,87,15,2
2023-12-04 12:18:41,0,170,132,2
2023-12-28 16:47:26,0,233,133,1
2023-12-28 06:27:47,0,178,23,1
2023-12-19 18:33:48,0,187,38,3
2023-09-10 15:43:04,0,483,8,1
2023-11-14 02:49:11,0,149,186,3
2023-10-06 20:30:05,0,129,10,1
2023-07-23 15:10:20,0,89,102,3
2023-05-13 05:33:30,0,44,52,2
2023-12-19 00:50:53,0,216,187,3
2023-12-30 14:35:37,0,121,110,2
2022-06-26 09:26:28,0,331,70,2
2023-08-04 01:13:17,0,95,8,1
2023-12-26 00:37:10,0,92,56,1
2023-12-24 23:12:44,0,306,63,2
2023-12-12 05:53:23,0,409,2,3
2023-12-03 16:34:51,0,373,49,1
2023-12-05 02:29:05,0,410,104,2
2023-08-31 05:48:22,0,405,70,2
2023-12-11 13:27:54,0,267,82,1
2022-10-17 14:07:32,0,220,119,3
2023-11-06 19:59:56,0,118,72,1
2023-12-05 16:27:29,0,411,160,1
2023-11-16 16:40:58,0,416,84,1
2023-11-07 09:30:52,0,200,21,1
2023-11-26 03:57:01,0,231,120,2
2023-09-16 16:35:49,0,300,151,2
2023-10-20 23:23:07,0,187,178,2
2023-12-02 17:59:48,0,88,132,2
2023-12-29 17:42:39,0,317,63,2
2023-10-14 13:51:20,0,469,122,2
2023-08-13 03:34:55,0,495,88,2
2023-12-16 09:16:57,0,146,112,1
2023-12-24 10:49:47,0,73,80,2
2023-08-21 11:11:29,0,82,182,3
2023-09-14 04:21:19,0,253,132,2
2023-11-21 09:17:57,0,37,85,1
2023-12-23 18:46:51,0,41,180,3
2023-08-11 04:55:47,0,136,29,1
2023-10-26 14:49:44,0,42,123,2
2023-12-01 02:45:44,0,71,123,1
2023-11-29 01:09:17,0,422,160,1
2023-08-13 16:57:13,0,167,96,2
2023-04-16 09:48:38,0,103,119,1
2023-12-16 13:19:52,0,265,143,1
2023-09-25 15:02:57,0,212,52,2
2023-12-25 00:26:21,0,163,57,2
2023-10-01 12:42:44,0,447,102,1
2023-12-10 11:30:45,0,461,114,2
2023-09-30 17:53:49,0,104,88,1
2023-07-06 09:48:40,0,492,36,3
2023-06-29 16:11:07,0,125,6,2
2023-12-30 17:24:57,0,282,197,1
2023-06-23 22:03:51,0,160,91,1
2023-12-28 01:07:06,0,300,197,2
2023-12-30 17:23:53,0,62,192,2
2023-09-16 07:57:57,0,14,145,1
2023-12-16 20:35:40,0,213,83,2
2023-12-27 19:53:34,0,121,33,1
2023-11-27 02:56:50,0,327,161,3
2023-01-10 04:55:17,0,444,18,2
2023-11-07 19:29:39,0,194,8,2
2023-12-14 22:41:35,0,165,178,2
2023-12-17 07:52:35,0,12,21,1
2023-10-07 04:47:53,0,89,177,2
2023-11-25 09:22:11,0,59,72,2
2023-12-30 10:57:24,0,225,1,2
2023-12-23 00:06:53,0,113,160,1
2023-12-21 12:43:27,0,167,67,1
2023-12-30 21:07:49,0,344,128,2
2023-12-29 11:56:13,0,187,146,2
2023-11-17 01:27:21,0,130,78,1
2023-11-29 21:13:58,0,297,115,2
2023-10-16 21:16:30,0,86,175,1
2023-10-14 19:36:53,0,7,82,1
2023-12-27 22:02:55,0,360,197,3
2023-09-16 14:04:26,0,372,54,2
2023-12-09 14:51:33,0,403,86,3
2023-12-03 07:41:01,0,6,190,2
2023-12-30 05:41:36,0,497,33,1
2023-12-30 07:09:29,0,389,192,2
2023-12-12 17:19:36,0,174,5,2
2023-12-30 00:46:00,0,320,37,3
2023-11-30 23:24:04,0,145,27,2
2023-12-05 20:13:33,0,93,152,1
2023-05-02 19:21:31,0,35,151,1
2023-09-25 20:35:43,0,469,12,1
2023-05-22 12:13:16,0,256,85,1
2023-12-28 11:15:35,0,206,128,2
2023-12-15 02:10:24,0,118,80,2
2023-12-15 05:59:35,0,248,193,2
2023-11-18 05:45:26,0,177,157,1
2023-12-30 13:31:59,0,449,71,3
2023-12-22 02:02:19,0,17,44,1
2023-03-23 04:25:03,0,479,127,1
2023-09-06 07:59:47,0,284,53,1
2022-05-29 09:01:20,0,21,60,1
2022-12-11 14:58:18,0,337,102,1
2023-12-20 02:55:26,0,422,87,2
2023-12-29 07:09:49,0,202,71,1
2023-10-12 05:51:26,0,34,189,1
2023-11-19 09:40:54,0,462,171,1
2023-12-08 05:14:24,0,454,48,3
2023-09-19 10:09:22,0,461,129,3
2023-04-27 02:27:32,0,423,177,2
2023-08-14 09:58:45,0,455,114,1
2023-12-08 08:42:41,0,407,170,3
2023-08-28 16:09:02,0,232,129,3
2023-03-06 13:12:57,0,3,191,1
2022-12-01 04:11:02,0,86,181,3
2023-11-02 10:51:38,0,46,101,3
2023-12-05 10:58:09,0,87,24,2
2023-10-03 00:18:51,0,1,161,2
2023-12-09 05:25:46,0,322,17,3
2023-12-03 09:51:53,0,165,121,2
2023-11-30 17:46:42,0,440,79,1
2023-06-22 02:50:48,0,148,74,1
2023-12-30 10:46:33,0,192,184,3
2023-10-15 01:45:14,0,216,60,1
2023-12-23 18:35:37,0,373,63,1
2023-12-30 03:22:14,0,47,184,2
2023-12-01 11:58:44,0,493,112,1
2023-12-30 17:06:43,0,336,46,1
2023-12-13 07:42:49,0,214,23,3
2023-09-12 12:17:24,0,60,60,1
2023-06-10 10:08:00,0,113,9,3
2023-12-08 03:32:00,0,134,167,3
2023-12-30 05:10:07,0,25,20,3
2023-12-21 00:32:41,0,273,98,2
2023-11-06 04:08:12,0,88,110,1
2023-09-01 05:50:41,0,304,88,2
2023-10-30 21:22:38,0,79,47,2
2023-06-09 19:58:33,0,43,90,2
2023-03-30 21:43:19,0,126,28,3
2023-12-11 04:46:28,0,150,21,2
2023-09-30 14:10:41,0,473,159,2
2023-01-05 22:35:15,0,77,189,1
2022-10-12 02:36:28,0,472,12,1
2023-12-19 16:05:48,0,372,31,2
2023-08-05 17:43:06,0,444,156,1
2023-12-29 17:05:15,0,335,46,1
2023-12-22 07:29:40,0,338,155,2
2023-12-18 07:06:13,0,6,196,2
2023-08-21 13:45:27,0,402,12,3
2023-12-13 02:50:46,0,156,35,2
2023-12-06 10:26:29,0,176,25,2
2023-12-05 09:34:31,0,420,133,1
2023-09-07 02:54:37,0,159,159,2
2023-12-14 18:40:01,0,46,103,2
2023-12-28 18:46:19,0,57,173,1
2023-07-28 07:49:56,0,227,12,1
2023-10-30 16:49:56,0,345,75,1
2023-12-15 00:24:59,0,257,101,1
2023-11-24 10:37:12,0,227,158,3
2023-12-18 19:34:20,0,192,2,1
2023-12-26 16:02:29,0,374,10,2
2023-12-25 14:00:16,0,58,58,1
2023-05-07 16:17:34,0,154,125,3
2023-12-29 17:44:36,0,226,160,1
2023-12-25 03:19:03,0,123,61,1
2023-11-20 17:14:55,0,17,84,1
2023-11-13 20:49:31,0,307,75,2
2023-01-09 22:36:46,0,303,140,2
2023-11-04 09:30:48,0,115,110,1
2023-06-05 16:19:13,0,467,189,3
2023-07-09 13:12:32,0,481,91,1
2022-12-21 11:31:02,0,395,52,2
2023-07-28 01:24:56,0,484,22,3
2023-12-30 00:23:01,0,377,163,1
2023-12-29 17:49:44,0,283,34,1
2023-11-29 06:07:30,0,31,160,1
2023-12-24 14:09:30,0,430,45,3
2023-11-29 17:45:28,0,314,66,2
2023-11-09 19:38:18,0,25,163,1
2023-01-02 10:13:41,0,312,189,2
2023-12-09 22:04:00,0,308,196,3
2023-12-27 00:56:27,0,91,150,3
2023-07-20 08:52:01,0,390,64,3
2023-05-14 22:05:41,0,156,156,2
2023-10-28 21:52:52,0,344,12,3
2023-12-05 21:45:20,0,98,10,2
2023-02-24 12:56:50,0,147,4,3
2023-09-06 23:00:48,0,279,92,2
2023-12-23 18:48:08,0,90,168,3
2023-10-18 03:06:59,0,133,176,2
2023-09-28 16:57:34,0,440,153,3
2023-12-28 22:31:12,0,147,196,2
2023-11-14 02:12:38,0,228,93,2
2023-12-30 22:31:21,0,300,128,2
2023-12-22 21:49:41,0,90,83,2
2023-12-13 14:25:37,0,490,73,1
2023-11-12 16:30:08,0,478,57,3
2023-12-21 03:48:42,0,273,147,3
2023-07-21 00:42:27,0,491,139,1
2023-12-01 00:37:28,0,262,195,2
2023-11-12 12:20:54,0,243,27,2
2023-12-28 20:55:57,0,120,41,2
2023-12-12 01:14:11,0,124,99,1
2023-12-02 02:19:38,0,72,149,2
2023-10-04 15:52:13,0,189,176,2
2023-04-15 11:51:51,0,412,140,3
2023-07-09 08:11:23,0,497,11,1
2023-11-23 01:24:40,0,269,57,2
2023-11-25 03:03:43,0,28,36,3
2023-08-21 12:45:07,0,283,81,3
2023-12-12 17:05:36,0,428,138,2
2023-12-07 13:17:24,0,113,83,2
2023-12-19 01:29:21,0,47,35,1
2023-06-20 11:50:41,0,220,58,1
2023-12-27 21:40:25,0,70,184,3
2023-12-28 16:49:40,0,343,99,3
2023-01-21 21:41:00,0,326,162,3
2023-11-21 23:09:29,0,343,53,3
2023-11-07 07:07:43,0,284,75,1
2023-12-24 03:49:54,0,451,54,2
2023-12-26 20:57:28,0,204,75,1
2023-12-24 12:37:37,0,315,93,2
2023-12-20 08:25:04,0,238,12,1
2023-11-14 19:44:26,0,463,183,1
2023-05-21 02:13:26,0,124,140,1
2023-12-05 15:59:14,0,175,93,2
2023-08-27 10:14:36,0,177,170,1
2023-10-14 16:58:26,0,47,123,1
2023-12-30 06:12:36,0,317,46,1
2023-06-22 10:27:48,0,101,188,3
2023-11-15 07:19:42,0,276,171,3
2023-12-22 21:59:50,0,328,101,3
2023-10-10 06:33:01,0,312,163,3
2023-10-13 21:09:37,0,283,104,2
2023-12-09 05:25:46,0,322,36,3
2023-11-18 07:49:03,0,356,183,3
2023-11-13 20:49:31,0,307,109,2
2023-12-30 10:07:34,0,65,146,2
2023-12-21 21:32:08,0,372,61,2
2023-08-19 10:09:35,0,56,75,2
2023-12-11 08:30:10,0,436,106,2
2023-10-14 20:38:39,0,331,159,2
2023-10-09 19:25:57,0,227,156,1
2023-12-14 10:34:42,0,335,49,3
2023-09-17 21:57:23,0,222,92,2
2023-07-04 16:10:15,0,5,24,1
2023-09-25 05:49:04,0,354,82,1
2023-07-17 12:35:00,0,263,91,1
2023-11-05 15:54:03,0,383,117,1
2023-01-06 20:17:29,0,63,181,3
2023-11-03 21:15:51,0,448,123,2
2023-02-11 21:17:36,0,349,95,2
2023-12-30 07:47:30,0,486,45,3
2023-12-25 18:29:39,0,18,49,3
2023-11-25 03:03:43,0,28,64,3
2023-12-29 12:48:34,0,28,34,2
2023-12-17 16:35:54,0,382,48,3
2023-12-22 22:14:08,0,382,56,3
2023-12-25 17:11:43,0,300,148,3
2023-12-11 18:14:05,0,130,83,2
2023-12-30 13:39:21,0,165,197,2
2023-04-14 04:11:35,0,242,95,2
2023-04-07 08:57:54,0,251,181,3
2023-08-17 08:03:55,0,438,200,2
2023-07-23 07:48:32,0,467,166,3
2023-12-23 10:24:23,0,77,38,2
2023-12-17 16:15:23,0,186,78,1
2023-05-04 14:53:57,0,454,107,3
2022-12-26 15:28:19,0,144,189,2
2023-12-15 08:02:50,0,123,126,2
2023-12-18 04:51:52,0,198,6,1
2023-12-19 16:57:08,0,201,130,3
2023-08-18 13:34:39,0,127,200,3
2023-08-22 20:25:44,0,175,162,1
2023-12-23 14:35:58,0,150,38,3
2023-12-30 18:05:53,0,296,14,2
2023-12-26 07:46:17,0,226,101,1
2023-12-26 08:17:43,0,157,69,1
2023-08-11 01:33:09,0,423,189,3
2023-04-23 17:50:24,0,42,28,3
2023-11-06 11:04:28,0,111,152,1
2023-12-16 18:01:03,0,452,124,1
2023-10-14 01:14:14,0,131,6,1
2023-08-16 20:57:14,0,424,138,2
2023-12-26 14:06:43,0,242,123,2
2023-12-16 21:16:49,0,417,25,2
2023-07-08 04:40:37,0,17,111,1
2023-11-29 16:08:23,0,445,124,1
2023-01-26 03:44:43,0,260,151,1
2023-12-30 06:53:16,0,204,39,1
2023-08-27 21:39:06,0,52,138,2
2023-12-27 09:06:27,0,449,80,2
2023-08-22 14:57:23,0,177,4,1
2023-09-23 00:30:54,0,229,81,1
2023-09-03 20:39:40,0,483,77,2
2023-10-15 22:44:41,0,467,82,1
2023-12-29 13:08:07,0,200,113,3
2023-12-24 11:38:50,0,16,98,1
2023-12-10 02:25:56,0,355,73,1
2023-07-12 12:11:32,0,100,85,2
2023-10-22 14:07:14,0,385,19,3
2023-12-30 10:49:37,0,11,34,1
2023-06-25 22:13:36,0,79,114,2
2023-12-24 09:58:50,0,91,190,2
2023-09-06 19:15:38,0,445,163,1
2023-12-29 08:45:21,0,309,113,3
2023-12-28 08:28:29,0,498,143,1
2023-08-16 22:55:34,0,193,60,1
2023-12-12 02:34:11,0,122,97,1
2023-12-30 09:17:49,0,224,113,2
2023-10-21 02:35:08,0,363,198,2
2023-12-22 00:08:12,0,234,126,2
2023-12-21 18:22:27,0,300,30,3
2023-12-25 14:53:44,0,129,45,2
2023-08-31 00:26:49,0,120,12,1
2023-08-03 20:41:39,0,171,129,3
2023-12-30 02:30:41,0,373,33,2
2023-12-17 03:43:52,0,10,118,1
2023-05-12 02:28:48,0,183,90,2
2023-12-17 01:33:20,0,187,73,1
2023-12-28 10:35:29,0,401,41,2
2023-11-26 14:57:48,0,330,30,2
2023-12-27 14:50:10,0,5,55,3
2023-12-24 22:04:45,0,476,31,2
2023-03-04 06:07:48,0,295,24,1
2023-12-11 14:43:07,0,209,152,3
2023-12-15 13:08:31,0,185,168,3
2023-12-30 20:54:59,0,30,13,1
2023-12-25 22:04:09,0,168,167,3
2023-11-30 11:37:23,0,495,154,2
2023-11-15 23:56:26,0,169,32,1
2023-12-13 14:10:04,0,478,186,3
2023-12-29 22:55:33,0,138,34,1
2023-10-25 04:14:53,0,5,162,1
2022-12-30 21:53:04,0,156,191,1
2023-12-28 19:52:59,0,98,173,1
2023-12-14 11:13:23,0,482,149,2
2023-07-16 18:41:00,0,420,125,3
2023-12-21 23:54:10,0,431,97,1
2023-05-23 21:08:40,0,339,107,3
2023-11-11 14:54:56,0,426,51,3
2023-05-28 09:22:24,0,222,166,2
2023-12-29 23:52:28,0,316,42,2
2023-12-30 14:48:20,0,167,146,2
2023-10-18 14:17:13,0,272,193,2
2023-12-23 19:56:33,0,432,110,3
2023-10-22 03:14:58,0,231,117,3
2023-12-12 06:13:48,0,488,172,1
2023-09-29 22:12:23,0,427,161,3
2023-07-14 13:26:41,0,421,17,3
2023-12-30 22:57:03,0,105,118,1
2023-12-28 02:27:15,0,328,39,1
2023-10-03 23:18:43,0,228,100,3
2023-09-25 06:06:42,0,291,21,2
2023-12-30 11:16:14,0,493,39,1
2022-11-11 01:22:10,0,139,24,2
2023-02-20 17:10:03,0,320,95,2
2023-08-14 18:26:26,0,173,170,3
2023-12-14 10:20:49,0,338,130,3
2023-09-02 10:44:34,0,458,10,2
2023-12-28 19:09:46,0,332,63,1
2023-10-20 03:59:49,0,425,104,2
2023-10-28 02:21:02,0,104,57,3
2023-07-05 10:40:54,0,458,166,3
2023-11-23 07:07:38,0,330,149,2
2023-01-03 01:56:52,0,413,17,3
2023-12-28 20:28:40,0,146,197,2
2023-09-08 01:42:26,0,21,55,3
2023-12-30 13:47:39,0,243,42,2
2023-08-18 17:59:19,0,234,3,2
2023-08-10 05:18:46,0,141,182,3
2023-12-15 04:13:19,0,459,167,1
2023-10-08 02:19:35,0,46,10,1
2023-12-23 10:18:26,0,386,65,2
2023-08-05 08:20:44,0,337,74,1
2023-12-18 19:02:03,0,320,67,3
2023-11-05 19:04:31,0,60,115,1
2023-12-23 02:38:47,0,244,168,3
2023-03-26 03:36:06,0,305,156,2
2023-12-29 17:49:16,0,18,148,3
2023-11-08 21:42:02,0,33,164,1
2023-12-04 03:33:03,0,68,68,3
2023-12-26 14:33:15,0,386,98,3
2023-12-27 07:24:15,0,273,187,3
2023-12-06 12:22:12,0,61,2,1
2023-10-08 05:58:43,0,179,77,2
2023-12-30 03:52:06,0,131,34,2
2023-05-17 03:04:04,0,99,107,3
2023-11-13 18:55:53,0,264,77,1
2023-12-21 12:32:59,0,394,135,2
2023-12-08 12:52:15,0,205,152,1
2023-12-28 03:52:30,0,124,155,1
2023-12-30 16:40:36,0,256,14,3
2023-12-30 15:14:27,0,131,1,2
2023-11-05 07:22:37,0,337,20,3
2023-11-25 09:42:26,0,298,88,1
2023-08-13 21:58:22,0,62,182,3
2023-11-19 00:29:05,0,451,126,3
2023-05-02 11:32:13,0,44,85,1
2023-12-01 19:15:08,0,282,171,3
2023-12-30 12:41:23,0,472,72,1
2023-12-18 20:59:12,0,30,38,3
2023-11-03 09:25:10,0,279,86,3
2022-09-12 19:42:06,0,353,24,2
2023-07-12 10:06:05,0,452,28,3
2023-11-27 08:31:56,0,23,60,1
2023-12-15 09:22:57,0,170,98,2
2023-11-08 03:51:29,0,335,189,1
2023-12-02 12:04:05,0,411,142,3
2023-12-22 03:23:54,0,51,180,3
2022-10-25 09:56:35,0,32,189,1
2023-08-15 00:48:27,0,237,127,3
2023-08-27 01:02:36,0,95,127,2
2023-12-01 23:22:00,0,70,167,1
2023-09-27 05:51:43,0,488,12,3
2022-12-21 21:10:37,0,449,109,2
2023-09-30 03:06:10,0,273,68,3
2023-11-29 10:31:40,0,19,48,2
2023-06-28 02:40:07,0,291,96,2
2023-09-01 07:44:34,0,392,53,1
2023-12-24 06:04:43,0,459,68,1
2023-12-30 19:15:44,0,223,14,3
2023-12-10 01:20:09,0,479,48,3
2023-05-16 19:28:32,0,445,36,3
2023-12-29 05:29:33,0,330,53,1
2023-10-18 16:25:54,0,9,172,1
2023-08-20 17:05:24,0,288,9,3
2023-06-17 08:41:45,0,444,175,1
2023-12-30 23:47:10,0,403,14,3
2023-12-30 17:28:56,0,375,42,3
2023-12-15 23:33:46,0,369,101,3
2023-12-04 01:43:02,0,167,98,1
2023-11-23 02:22:00,0,481,19,3
2023-11-20 22:22:51,0,425,152,1
2023-06-30 21:13:29,0,341,116,2
2022-06-15 02:43:50,0,435,60,1
2023-12-21 15:52:47,0,423,69,2
2023-12-28 13:20:13,0,106,40,2
2023-11-27 14:44:03,0,485,80,3
2023-09-03 13:39:14,0,161,183,3
2023-12-28 00:38:00,0,498,25,2
2023-11-14 00:38:20,0,67,151,3
2023-12-24 06:07:32,0,207,150,1
2023-02-05 04:00:09,0,337,52,2
2023-07-12 13:35:28,0,109,102,3
2023-11-25 20:09:41,0,186,136,3
2023-11-27 21:44:33,0,3,171,2
2023-12-23 08:01:56,0,181,16,3
2023-12-18 17:24:59,0,261,136,2
2023-09-13 09:08:02,0,273,116,2
2023-11-16 15:30:00,0,311,130,3
2023-11-10 00:04:19,0,21,130,3
2023-12-08 23:58:05,0,368,165,2
2023-08-20 07:31:19,0,400,11,2
2023-11-29 06:01:12,0,225,27,2
2023-12-19 22:19:43,0,457,147,1
2023-11-24 10:25:10,0,191,68,3
2022-10-26 20:49:20,0,75,95,2
2023-12-07 02:22:09,0,245,141,2
2023-11-26 03:20:12,0,10,112,2
2023-11-30 00:37:34,0,487,98,3
2023-12-29 16:55:20,0,179,23,3
2023-10-30 13:50:33,0,333,51,1
2023-12-23 09:55:10,0,42,196,3
2023-12-30 13:45:00,0,114,46,1
2023-12-26 23:46:46,0,260,61,2
2023-10-16 16:35:11,0,475,9,2
2023-12-28 22:56:28,0,305,32,2
2023-12-03 04:42:11,0,481,99,1
2023-10-19 17:13:14,0,474,141,1
2022-02-08 17:09:33,0,245,119,1
2023-03-12 06:18:37,0,496,95,2
2023-09-27 14:29:21,0,495,107,3
2023-12-25 05:45:46,0,78,63,1
2023-12-30 15:44:58,0,468,14,3
2023-12-11 12:55:47,0,76,133,2
2023-12-25 13:44:18,0,309,45,2
2023-12-04 07:39:20,0,41,133,1
2023-12-21 17:17:06,0,99,61,1
2023-10-12 13:07:50,0,255,47,2
2023-12-30 17:46:00,0,115,128,2
2023-12-29 10:45:50,0,407,34,1
2023-12-13 00:53:59,0,232,101,3
2023-11-18 19:20:53,0,460,188,3
2023-11-25 23:21:49,0,412,48,2
2023-10-20 23:40:48,0,1,96,2
2023-12-24 20:00:16,0,407,167,3
2023-09-10 01:00:15,0,35,183,1
2023-12-28 05:38:31,0,321,184,3
2023-10-20 03:59:49,0,425,195,1
2023-11-02 12:29:00,0,334,106,1
2023-12-28 03:41:28,0,342,33,1
2023-12-29 08:44:07,0,13,106,1
2023-08-15 10:26:01,0,321,6,2
2023-12-14 15:10:25,0,103,56,2
2023-09-21 01:07:46,0,261,176,2
2023-12-29 07:35:22,0,176,71,3
2023-11-26 04:51:33,0,355,123,2
2023-12-29 22:48:14,0,180,33,2
2023-06-19 12:39:04,0,147,76,1
2023-08-30 23:42:52,0,273,114,1
2023-12-10 12:08:05,0,332,193,2
2023-12-27 03:05:55,0,355,186,3
2023-05-27 17:58:13,0,485,177,2
2023-12-28 15:16:20,0,271,44,3
2023-10-07 18:59:20,0,3,78,2
2023-06-13 18:26:10,0,401,64,3
2023-08-06 03:03:47,0,184,76,1
2023-12-22 22:58:43,0,134,148,2
2023-12-12 05:41:36,0,158,87,3
2023-12-30 09:43:26,0,258,43,3
2023-12-24 02:51:07,0,214,169,3
2023-12-23 20:24:31,0,177,167,3
2023-11-17 13:37:04,0,175,107,3
2023-12-30 06:44:57,0,28,128,2
2023-11-09 03:42:50,0,51,32,1
2023-12-19 16:31:22,0,228,124,1
2023-11-15 22:05:06,0,12,116,2
2023-06-09 16:06:02,0,500,3,1
2023-10-03 19:50:17,0,149,60,1
2023-08-19 10:06:07,0,209,11,1
2022-06-04 12:14:08,0,303,139,1
2023-12-29 03:01:48,0,308,149,1
2023-09-21 21:42:45,0,142,107,3
2023-12-30 12:59:28,0,429,146,2
2022-12-21 20:44:29,0,394,94,1
2023-09-22 20:13:42,0,493,159,2
2023-05-17 16:40:46,0,216,93,2
2023-12-04 23:30:57,0,429,193,2
2023-07-04 06:23:11,0,487,140,3
2023-07-02 14:52:07,0,335,22,3
2023-12-30 22:36:52,0,151,173,1
2023-05-23 15:45:35,0,224,177,2
2023-11-01 10:37:20,0,81,47,2
2023-07-24 16:56:26,0,323,195,1
2023-12-23 05:19:39,0,278,16,3