num,changelog,date_pub,est_public,telechargement,id_application
v6.3,Bug fixes,2023-09-22 05:17:25,1,9374,156
v3.8,Bug fixes,2023-12-24 15:02:15,1,7651,39
v3.4,Bug fixes,2023-11-17 11:32:07,1,5914,23
v8.9,Bug fixes,2023-12-23 22:47:47,1,6595,87
v10.5,Bug fixes,2023-10-04 01:50:23,1,2022,36
v10.4,Bug fixes,2023-07-06 17:45:00,1,3287,177
v1.6,Bug fixes,2023-12-18 23:46:56,1,5326,108
v8.1,Bug fixes,2023-12-05 02:21:04,1,4150,159
v2.6,Bug fixes,2023-12-18 20:26:29,1,6339,171
v5.3,Bug fixes,2023-08-28 00:27:11,1,121,4
v2.3,Bug fixes,2023-10-29 02:53:43,1,2889,28
v5.2,Bug fixes,2023-06-20 16:27:59,1,5188,188
v2.4,Bug fixes,2023-11-03 03:39:28,1,1321,126
v1.7,Bug fixes,2023-12-08 14:05:44,1,3047,136
v5.8,Bug fixes,2023-12-29 06:11:56,1,7956,113
v7.7,Bug fixes,2023-01-21 13:31:53,1,6246,181
v6.3,Bug fixes,2023-12-09 16:07:51,1,8929,51
v8.9,Bug fixes,2023-12-23 05:46:31,1,5479,112
v2.8,Bug fixes,2023-12-11 06:17:57,1,4130,99
v9.1,Bug fixes,2023-08-22 21:41:25,1,6569,23
v1.1,Bug fixes,2023-12-10 10:59:34,1,5957,160
v5.8,Bug fixes,2023-12-13 04:26:00,1,4553,186
v9.9,Bug fixes,2023-11-16 06:09:11,1,764,103
v8.5,Bug fixes,2023-12-29 03:00:36,1,4163,113
v4.7,Bug fixes,2023-12-12 23:33:45,1,1265,124
v5.1,Bug fixes,2023-11-22 04:25:50,1,2273,32
v2.2,Bug fixes,2023-08-29 10:45:04,1,1094,96
v6.0,Bug fixes,2023-10-01 00:37:07,1,7242,154
v7.5,Bug fixes,2023-10-22 19:58:11,1,9498,126
v4.8,Bug fixes,2023-01-02 19:21:04,1,879,181
v3.4,Bug fixes,2023-11-04 06:48:25,1,5539,93
v5.3,Bug fixes,2023-12-28 12:16:03,1,9444,40
v4.3,Bug fixes,2023-11-13 20:43:47,1,9212,178
v4.5,Bug fixes,2023-06-26 06:32:07,1,1456,72
v4.6,Bug fixes,2023-08-23 14:19:54,1,7357,189
v3.2,Bug fixes,2023-05-22 21:21:47,1,2582,109
v3.6,Bug fixes,2023-12-16 06:33:47,1,5119,104
v7.1,Bug fixes,2023-05-25 02:55:57,1,3807,3
v1.2,Bug fixes,2023-11-30 19:06:49,1,6791,170
v5.3,Bug fixes,2023-12-04 03:13:04,1,5667,5
v9.5,Bug fixes,2023-04-27 17:54:23,1,7520,74
v1.3,Bug fixes,2023-12-30 14:21:55,1,7092,41
v6.0,Bug fixes,2023-10-15 09:36:19,1,6155,107
v6.4,Bug fixes,2023-12-22 10:14:37,1,1942,73
v2.4,Bug fixes,2023-12-07 08:50:38,1,9243,135
v3.5,Bug fixes,2023-10-14 06:26:18,1,6299,86
v4.2,Bug fixes,2023-12-26 22:44:15,1,8827,168
v3.3,Bug fixes,2023-12-06 05:33:55,1,467,190
v6.5,Bug fixes,2023-12-14 05:42:14,1,1236,80
v6.2,Bug fixes,2023-11-05 10:04:01,1,6423,54
v3.1,Bug fixes,2023-12-30 05:18:39,1,5207,128
v6.5,Bug fixes,2023-12-29 15:43:04,1,2415,99
v10.1,Bug fixes,2023-09-25 14:02:35,1,6530,68
v5.2,Bug fixes,2023-09-24 14:47:41,1,8304,194
v1.9,Bug fixes,2023-12-22 20:02:17,1,8073,117
v10.8,Bug fixes,2023-02-10 21:22:07,1,6845,119
v10.8,Bug fixes,2023-12-22 15:45:15,1,8157,25
v10.5,Bug fixes,2023-10-01 14:25:45,1,4631,57
v1.2,Bug fixes,2023-12-16 14:46:10,1,9347,163
v4.6,Bug fixes,2023-06-19 21:09:15,1,9684,144
v3.6,Bug fixes,2023-08-22 04:45:21,1,3819,22
v1.3,Bug fixes,2023-12-28 02:10:36,1,103,26
v6.2,Bug fixes,2023-08-31 20:20:27,1,5899,47
v9.7,Bug fixes,2023-11-18 03:50:05,1,6054,198
v4.8,Bug fixes,2023-12-29 21:05:09,1,5640,176
v2.7,Bug fixes,2023-12-23 06:38:56,1,3989,108
v8.6,Bug fixes,2023-10-15 16:39:32,1,5929,15
v7.1,Bug fixes,2023-12-24 22:53:48,1,6065,43
v6.1,Bug fixes,2022-02-16 01:23:56,1,9178,62
v4.2,Bug fixes,2023-10-25 15:08:39,1,4504,92
v1.2,Bug fixes,2023-12-23 17:36:44,1,7241,27
v10.4,Bug fixes,2023-09-17 01:47:43,1,4402,85
v9.9,Bug fixes,2023-12-30 23:22:06,1,6801,173
v2.4,Bug fixes,2023-12-09 20:58:23,1,296,154
v9.5,Bug fixes,2023-12-19 14:59:48,1,6114,160
v5.1,Bug fixes,2023-02-03 14:36:32,1,9932,62
v2.4,Bug fixes,2023-10-23 15:11:34,1,8922,115
v1.9,Bug fixes,2023-12-14 21:33:49,1,5510,165
v10.0,Bug fixes,2023-12-22 01:55:51,1,520,44
v9.0,Bug fixes,2023-11-09 08:52:25,1,8392,178
v4.8,Bug fixes,2023-12-01 21:41:04,1,422,145
v6.1,Bug fixes,2023-12-30 21:39:22,1,6668,37
v8.1,Bug fixes,2023-01-07 10:07:30,1,1656,102
v10.2,Bug fixes,2023-12-26 10:31:19,1,5991,124
v10.8,Bug fixes,2023-05-03 22:54:36,1,2908,94
v4.4,Bug fixes,2023-01-19 12:30:59,1,3516,52
v10.9,Bug fixes,2023-12-27 08:42:00,1,6000,148
v6.6,Bug fixes,2023-12-28 16:13:39,1,2297,184
v8.4,Bug fixes,2023-12-30 17:20:51,1,6633,14
v3.8,Bug fixes,2023-12-26 11:02:44,1,5668,13
v2.9,Bug fixes,2023-12-30 11:51:23,1,2336,128
v7.5,Bug fixes,2023-11-24 22:39:03,1,3633,32
v3.7,Bug fixes,2023-12-17 00:43:14,1,3302,44
v3.3,Bug fixes,2023-12-29 10:29:23,1,6087,34
v2.7,Bug fixes,2023-12-12 11:11:48,1,9525,20
v9.3,Bug fixes,2023-11-28 15:42:47,1,2402,54
v3.0,Bug fixes,2023-01-09 16:05:01,1,1671,17
v2.9,Bug fixes,2023-12-29 11:36:32,1,5796,37
v2.7,Bug fixes,2023-06-19 17:38:43,1,4180,53
v1.1,Bug fixes,2023-11-12 17:15:09,1,6425,159
v5.9,Bug fixes,2023-12-29 17:06:08,1,7777,37
v8.9,Bug fixes,2023-09-10 20:42:13,1,4974,152
v6.1,Bug fixes,2023-12-14 01:12:25,1,7085,114
v7.8,Bug fixes,2023-07-03 03:24:38,1,1417,6
v1.2,Bug fixes,2023-12-09 18:38:21,1,681,2
v10.2,Bug fixes,2023-11-27 17:42:45,1,5614,160
v2.7,Bug fixes,2023-12-23 18:57:26,1,2241,43
v1.6,Bug fixes,2023-12-30 02:59:41,1,131,155
v5.3,Bug fixes,2023-12-09 09:24:56,1,9019,15
v4.2,Bug fixes,2023-11-02 22:15:16,1,1082,110
v2.6,Bug fixes,2023-10-12 10:12:07,1,6465,103
v9.3,Bug fixes,2023-08-05 09:53:22,1,3569,183
v7.7,Bug fixes,2023-11-22 05:41:51,1,8863,91
v10.5,Bug fixes,2023-12-30 20:07:03,1,9664,173
v6.0,Bug fixes,2023-12-12 19:35:47,1,2517,97
v1.8,Bug fixes,2023-11-26 08:26:07,1,3362,76
v8.3,Bug fixes,2023-01-25 05:25:23,1,9552,163
v8.1,Bug fixes,2023-02-14 23:49:31,1,5818,139
v1.4,Bug fixes,2023-11-05 23:16:21,1,5451,89
v8.0,Bug fixes,2023-10-05 18:31:58,1,9552,11
v1.0,Bug fixes,2023-07-03 08:16:35,1,9209,164
v2.7,Bug fixes,2023-10-13 08:23:52,1,4930,15
v2.4,Bug fixes,2023-11-03 06:05:11,1,8072,23
v9.4,Bug fixes,2023-07-22 04:19:46,1,2241,191
v2.3,Bug fixes,2023-11-16 19:19:40,1,4980,121
v1.1,Bug fixes,2023-06-04 03:24:17,1,3536,125
v1.1,Bug fixes,2023-02-06 06:42:03,1,2755,12
v2.1,Bug fixes,2023-12-20 02:26:33,1,4634,160
v3.0,Bug fixes,2023-04-27 06:17:22,1,2761,95
v1.6,Bug fixes,2023-12-30 00:00:22,1,4058,167
v4.5,Bug fixes,2023-12-28 20:41:16,1,7013,38
v6.7,Bug fixes,2023-12-29 22:13:12,1,46,37
v9.3,Bug fixes,2023-12-07 03:23:15,1,6592,156
v9.5,Bug fixes,2023-10-14 09:27:50,1,8834,54
v8.2,Bug fixes,2023-12-08 17:22:26,1,3713,180
v10.8,Bug fixes,2023-09-25 15:28:31,1,2443,74
v10.9,Bug fixes,2023-08-25 21:32:00,1,2776,105
v9.4,Bug fixes,2023-06-23 11:46:06,1,2234,185
v8.0,Bug fixes,2023-12-28 19:33:13,1,2707,69
v7.7,Bug fixes,2023-09-10 03:40:49,1,4001,24
v4.7,Bug fixes,2023-12-28 13:14:31,1,8435,69
v5.3,Bug fixes,2023-12-30 11:18:10,1,381,192
v7.8,Bug fixes,2023-12-28 16:42:06,1,8921,173
v4.7,Bug fixes,2023-12-27 22:53:55,1,438,13
v8.1,Bug fixes,2023-10-06 18:36:08,1,8624,102
v10.6,Bug fixes,2023-12-11 20:20:28,1,583,187
v8.3,Bug fixes,2023-09-08 06:31:27,1,4875,127
v4.3,Bug fixes,2023-12-21 08:02:56,1,7127,155
v8.0,Bug fixes,2023-12-30 23:57:25,1,472,192
v6.1,Bug fixes,2023-09-09 04:18:06,1,5791,60
v7.9,Bug fixes,2023-10-24 08:27:48,1,1627,122
v9.3,Bug fixes,2023-10-05 04:37:03,1,3250,91
v6.1,Bug fixes,2023-12-21 16:13:47,1,4050,143
v2.9,Bug fixes,2023-12-28 20:38:32,1,6695,79
v6.3,Bug fixes,2023-11-10 14:43:02,1,8332,159
v6.4,Bug fixes,2023-08-30 08:06:39,1,9885,102
v2.0,Bug fixes,2022-08-13 04:56:29,1,8564,52
v3.0,Bug fixes,2023-12-25 21:10:18,1,66,13
v2.5,Bug fixes,2023-07-04 10:24:08,1,3376,72
v5.6,Bug fixes,2023-12-18 21:09:16,1,9583,193
v8.2,Bug fixes,2022-10-31 23:22:49,1,1001,95
v9.8,Bug fixes,2023-12-26 03:04:35,1,2188,44
v5.9,Bug fixes,2023-12-24 23:24:15,1,6969,63
v5.8,Bug fixes,2023-12-29 20:08:31,1,3019,179
v5.4,Bug fixes,2023-11-09 09:33:15,1,4320,198
v10.5,Bug fixes,2023-10-05 10:34:36,1,8490,159
v6.5,Bug fixes,2023-12-25 18:02:01,1,7859,47
v7.0,Bug fixes,2023-12-18 23:21:49,1,4335,66
v6.2,Bug fixes,2023-12-30 01:54:42,1,4463,71
v7.7,Bug fixes,2023-12-21 05:08:30,1,4654,31
v3.8,Bug fixes,2023-11-05 02:43:46,1,3137,165
v9.8,Bug fixes,2023-11-08 00:22:41,1,5108,106
v6.5,Bug fixes,2023-12-05 09:26:11,1,210,57
v6.0,Bug fixes,2023-11-11 04:54:54,1,4406,121
v10.0,Bug fixes,2023-12-14 14:11:04,1,3843,44
v7.3,Bug fixes,2023-06-09 17:43:42,1,2849,107
v4.0,Bug fixes,2023-07-12 12:44:37,1,1128,8
v1.3,Bug fixes,2023-07-08 11:29:58,1,9423,94
v5.7,Bug fixes,2023-12-27 09:39:10,1,2071,169
v5.6,Bug fixes,2023-07-02 22:37:01,1,1050,59
v1.5,Bug fixes,2023-12-21 07:48:39,1,5016,101
v2.8,Bug fixes,2023-11-11 20:41:41,1,8959,79
v3.3,Bug fixes,2023-12-30 17:26:13,1,1763,192
v6.8,Bug fixes,2023-09-06 02:43:30,1,1748,88
v4.8,Bug fixes,2023-12-16 17:21:00,1,9486,25
v2.7,Bug fixes,2023-06-13 22:06:30,1,3158,139
v7.5,Bug fixes,2023-12-29 21:42:45,1,5879,146
v7.5,Bug fixes,2023-12-02 09:24:42,1,6782,82
v9.8,Bug fixes,2023-12-30 10:28:55,1,8631,48
v8.8,Bug fixes,2023-12-25 01:28:57,1,5280,171
v2.2,Bug fixes,2023-11-15 02:26:48,1,3876,180
v3.8,Bug fixes,2023-12-21 13:06:18,1,7537,169
v10.1,Bug fixes,2023-09-11 02:00:27,1,2856,189
v8.9,Bug fixes,2023-12-09 14:23:46,1,4160,101
v3.8,Bug fixes,2023-03-24 20:28:19,1,233,156
v4.9,Bug fixes,2023-12-17 17:42:16,1,4900,99
v10.4,Bug fixes,2023-02-10 18:47:03,1,4332,185
v8.3,Bug fixes,2023-10-17 12:26:55,1,700,175
v8.6,Bug fixes,2023-11-15 19:22:37,1,1405,199
v7.8,Bug fixes,2023-12-30 17:48:47,1,7418,37
v8.7,Bug fixes,2023-11-04 07:29:59,1,8901,194
v9.0,Bug fixes,2023-12-29 13:56:05,1,8143,83
v2.3,Bug fixes,2023-06-25 07:24:16,1,3786,158
v8.9,Bug fixes,2023-03-23 14:16:30,1,165,195
v4.1,Bug fixes,2023-12-28 23:02:12,1,8305,40
v4.7,Bug fixes,2023-11-24 12:17:27,1,1494,171
v4.7,Bug fixes,2023-09-22 10:46:13,1,8625,86
v4.8,Bug fixes,2023-12-27 21:20:20,1,643,114
v6.0,Bug fixes,2023-10-23 08:48:08,1,6603,178
v9.8,Bug fixes,2023-12-30 17:36:46,1,2049,2
v9.6,Bug fixes,2023-03-22 19:16:40,1,7568,17
v3.4,Bug fixes,2023-09-06 12:10:52,1,1025,159
v8.1,Bug fixes,2023-12-27 22:00:46,1,598,198
v3.3,Bug fixes,2023-11-08 17:38:14,1,735,140
v10.7,Bug fixes,2023-12-26 13:45:47,1,6349,179
v7.5,Bug fixes,2023-12-06 19:22:32,1,6539,172
v7.5,Bug fixes,2023-12-09 07:11:59,1,2819,196
v7.0,Bug fixes,2023-12-30 09:11:01,1,8872,166
v3.7,Bug fixes,2023-12-12 21:23:52,1,5600,7
v8.3,Bug fixes,2023-12-02 14:28:54,1,4731,118
v1.3,Bug fixes,2023-10-09 22:50:17,1,1537,194
v9.2,Bug fixes,2023-07-05 10:58:23,1,675,195
v4.1,Bug fixes,2023-12-28 04:33:40,1,9571,160
v6.3,Bug fixes,2023-12-25 05:05:03,1,7354,32
v9.9,Bug fixes,2023-12-15 19:08:26,1,1388,171
v1.4,Bug fixes,2023-01-13 07:38:46,1,682,24
v9.5,Bug fixes,2023-11-29 12:29:22,1,8832,178
v10.2,Bug fixes,2023-12-13 07:18:30,1,1802,142
v10.9,Bug fixes,2023-12-29 13:43:50,1,504,33
v5.6,Bug fixes,2023-11-16 13:48:38,1,2414,31
v5.2,Bug fixes,2023-12-29 07:01:51,1,6802,63
v5.2,Bug fixes,2023-12-27 07:27:07,1,2371,16
v2.1,Bug fixes,2023-08-31 01:49:11,1,430,75
v9.9,Bug fixes,2023-03-24 08:39:29,1,5556,189
v4.3,Bug fixes,2023-11-25 22:38:08,1,4952,84
v4.8,Bug fixes,2023-12-10 02:17:42,1,5487,91
v4.9,Bug fixes,2023-12-30 23:36:46,1,1056,26
v7.3,Bug fixes,2023-09-02 03:55:19,1,9584,21
v6.9,Bug fixes,2023-12-30 23:10:19,1,3920,146
v3.0,Bug fixes,2023-12-28 15:52:56,1,1220,183
v9.4,Bug fixes,2023-12-30 00:51:19,1,723,33
v7.7,Bug fixes,2023-11-29 03:22:45,1,3661,79
v3.4,Bug fixes,2022-12-16 16:41:45,1,946,170
v5.8,Bug fixes,2023-08-01 02:18:33,1,9701,36
v8.1,Bug fixes,2022-12-04 08:25:14,1,9121,102
v9.0,Bug fixes,2023-12-29 23:27:51,1,5418,68
v3.3,Bug fixes,2023-05-27 14:06:19,1,3519,74
v3.4,Bug fixes,2023-09-21 05:46:19,1,539,88
v1.8,Bug fixes,2023-03-20 05:29:17,1,4239,8
v5.7,Bug fixes,2023-03-15 22:03:58,1,656,195
v2.8,Bug fixes,2023-12-24 04:38:17,1,8443,32
v3.4,Bug fixes,2023-12-28 00:49:35,1,3284,43
v3.5,Bug fixes,2023-12-17 11:06:47,1,1053,187
v1.1,Bug fixes,2023-11-08 02:59:47,1,8212,19
v8.7,Bug fixes,2023-09-15 13:36:33,1,4866,176
v2.5,Bug fixes,2023-11-04 14:39:18,1,2928,129
v5.7,Bug fixes,2023-12-12 04:18:19,1,2846,151
v1.2,Bug fixes,2023-10-11 20:52:33,1,1992,103
v10.2,Bug fixes,2023-12-10 06:05:52,1,4797,188
v3.9,Bug fixes,2023-08-12 23:50:27,1,8155,28
v9.0,Bug fixes,2023-05-22 15:41:58,1,378,141
v9.6,Bug fixes,2023-12-30 05:13:18,1,7246,192
v1.6,Bug fixes,2023-12-02 14:03:04,1,8484,5
v10.0,Bug fixes,2023-10-03 19:30:28,1,644,152
v5.0,Bug fixes,2023-12-12 09:56:02,1,7006,187
v5.1,Bug fixes,2023-12-29 15:16:43,1,1410,44
v6.8,Bug fixes,2023-12-14 13:30:47,1,3437,86
v2.9,Bug fixes,2023-11-22 20:31:51,1,1035,23
v7.0,Bug fixes,2023-12-16 02:42:08,1,668,83
v2.1,Bug fixes,2023-12-11 11:55:51,1,8746,118
v2.6,Bug fixes,2023-11-22 00:29:17,1,9310,66
v6.2,Bug fixes,2023-11-19 10:56:40,1,1566,117
v6.6,Bug fixes,2022-08-10 23:51:54,1,9388,170
v5.3,Bug fixes,2023-08-17 18:14:06,1,9164,58
v1.6,Bug fixes,2023-10-12 16:05:41,1,5908,145
v6.8,Bug fixes,2023-12-05 00:09:29,1,5015,136
v6.7,Bug fixes,2023-11-20 00:55:58,1,6341,126
v1.8,Bug fixes,2023-10-25 05:38:36,1,4214,130
v5.8,Bug fixes,2023-12-28 19:34:36,1,1481,160
v4.3,Bug fixes,2023-12-30 15:54:45,1,6534,34
v3.2,Bug fixes,2023-10-16 10:42:45,1,8299,114
v8.2,Bug fixes,2023-12-28 09:47:22,1,9487,13
v3.6,Bug fixes,2023-08-05 07:30:24,1,309,111
v10.5,Bug fixes,2023-11-16 13:46:50,1,2790,110
v3.7,Bug fixes,2023-12-28 06:30:55,1,1422,67
v2.6,Bug fixes,2023-05-19 00:17:51,1,1113,88
v6.0,Bug fixes,2023-11-19 15:30:46,1,6130,199
v9.6,Bug fixes,2023-11-16 11:45:29,1,2844,120
v4.3,Bug fixes,2023-12-29 17:18:21,1,6580,71
v5.3,Bug fixes,2023-12-01 21:37:03,1,2312,51
v10.0,Bug fixes,2023-12-30 04:17:35,1,5203,46
v4.6,Bug fixes,2023-12-28 03:36:10,1,6108,148
v2.3,Bug fixes,2023-06-28 10:59:25,1,1775,96
v6.5,Bug fixes,2023-12-30 15:19:38,1,3921,192
v6.6,Bug fixes,2022-12-08 07:40:52,1,6390,96
v5.5,Bug fixes,2023-12-29 11:38:24,1,6858,63
v6.8,Bug fixes,2023-12-25 17:44:47,1,7533,56
v2.2,Bug fixes,2023-12-11 16:03:51,1,6431,23
v6.2,Bug fixes,2023-07-23 22:46:50,1,7506,18
v6.1,Bug fixes,2023-01-12 23:38:16,1,8747,119
v4.1,Bug fixes,2023-10-22 23:26:38,1,4444,86
v7.4,Bug fixes,2023-12-28 19:58:04,1,4204,71
v6.1,Bug fixes,2022-11-10 18:53:02,1,8605,62
v10.3,Bug fixes,2023-12-17 16:48:16,1,2996,61
v5.3,Bug fixes,2023-08-05 09:06:45,1,1474,183
v3.7,Bug fixes,2023-12-29 18:39:08,1,3933,174
v2.6,Bug fixes,2023-11-18 05:19:32,1,3547,12
v3.8,Bug fixes,2023-12-12 20:47:51,1,3563,103
v2.5,Bug fixes,2023-10-24 09:14:16,1,6593,111
v5.2,Bug fixes,2023-12-11 15:45:39,1,6217,86
v2.8,Bug fixes,2023-12-30 01:38:23,1,6157,39
v10.8,Bug fixes,2022-11-20 19:05:53,1,3601,166
v4.4,Bug fixes,2023-10-08 08:14:56,1,832,176
v9.4,Bug fixes,2023-12-26 03:12:28,1,9886,39
v7.0,Bug fixes,2023-11-17 09:18:52,1,8401,102
v7.0,Bug fixes,2023-12-29 17:17:14,1,3423,131
v10.5,Bug fixes,2023-01-25 01:32:05,1,3229,127
v6.3,Bug fixes,2023-11-14 19:31:51,1,4682,140
v6.6,Bug fixes,2023-11-04 13:38:35,1,4297,103
v7.2,Bug fixes,2023-11-25 08:57:51,1,6626,177
v8.1,Bug fixes,2022-12-22 07:24:16,1,8499,139
v3.2,Bug fixes,2023-12-30 01:13:22,1,427,1
v10.1,Bug fixes,2023-10-23 14:49:49,1,5189,193
v8.2,Bug fixes,2022-08-30 19:00:34,1,6652,12
v5.2,Bug fixes,2023-12-26 13:50:10,1,6083,79
v6.9,Bug fixes,2023-12-20 19:09:10,1,2834,116
v4.3,Bug fixes,2022-06-06 06:51:25,1,1719,62
v1.6,Bug fixes,2023-12-09 16:23:03,1,9384,186
v9.4,Bug fixes,2023-12-28 05:16:28,1,6978,137
v5.3,Bug fixes,2023-12-11 05:33:49,1,8760,193
v2.6,Bug fixes,2023-08-17 21:04:45,1,7902,111
v2.5,Bug fixes,2023-11-25 00:32:32,1,9585,178
v3.6,Bug fixes,2023-12-14 09:02:50,1,747,19
v8.6,Bug fixes,2023-10-30 13:02:42,1,227,130
v8.3,Bug fixes,2023-12-27 15:11:36,1,8847,184
v9.0,Bug fixes,2023-06-18 16:44:40,1,4348,177
v1.0,Bug fixes,2023-12-19 12:40:35,1,2393,38
v7.5,Bug fixes,2023-02-06 20:47:45,1,8573,164
v2.4,Bug fixes,2023-02-18 13:51:20,1,3401,189
v10.3,Bug fixes,2023-12-17 10:34:19,1,747,199
v4.7,Bug fixes,2023-04-21 02:57:39,1,669,93
v5.2,Bug fixes,2023-12-28 05:45:21,1,5104,39
v5.2,Bug fixes,2023-09-16 22:14:00,1,5072,29
v7.6,Bug fixes,2023-06-18 14:00:11,1,1867,11
v6.4,Bug fixes,2023-01-25 16:59:32,1,4536,64
v8.3,Bug fixes,2023-01-03 22:24:06,1,1243,18
v9.0,Bug fixes,2023-11-07 22:09:51,1,6188,115
v7.4,Bug fixes,2023-07-01 10:46:32,1,2861,81
v1.7,Bug fixes,2023-12-28 04:29:54,1,5504,15
v8.4,Bug fixes,2023-08-02 07:44:58,1,8364,162
v1.4,Bug fixes,2023-08-06 18:34:26,1,8749,129
v10.7,Bug fixes,2023-12-30 19:49:58,1,2151,37
v7.8,Bug fixes,2022-06-27 23:00:46,1,1027,189
v10.2,Bug fixes,2023-08-25 06:14:30,1,1025,152
v5.7,Bug fixes,2023-12-04 18:50:41,1,3217,64
v2.9,Bug fixes,2023-11-21 17:48:40,1,3478,59
v9.6,Bug fixes,2022-05-22 13:49:50,1,5626,17
v1.1,Bug fixes,2023-12-19 20:49:54,1,9792,56
v5.0,Bug fixes,2023-05-27 01:42:00,1,9989,77
v3.4,Bug fixes,2023-11-01 17:42:39,1,5057,57
v2.3,Bug fixes,2023-12-23 15:37:56,1,4557,194
v3.2,Bug fixes,2023-10-17 16:41:12,1,7808,147
v5.5,Bug fixes,2023-12-20 01:59:04,1,2261,196
v5.6,Bug fixes,2023-09-03 02:09:36,1,1588,8
v6.7,Bug fixes,2023-02-24 04:14:11,1,410,127
v2.7,Bug fixes,2023-12-06 02:11:52,1,3207,142
v3.4,Bug fixes,2023-12-03 07:51:23,1,4400,149
v9.3,Bug fixes,2023-09-15 11:32:16,1,3797,55
v3.2,Bug fixes,2023-12-29 11:42:04,1,2668,87
v4.8,Bug fixes,2023-12-27 07:02:03,1,3728,168
v3.0,Bug fixes,2023-12-16 03:23:42,1,2846,155
v2.2,Bug fixes,2023-11-25 06:24:01,1,8048,153
v7.4,Bug fixes,2023-12-30 07:51:29,1,1862,42
v2.1,Bug fixes,2023-12-02 02:09:53,1,4437,174
v5.2,Bug fixes,2023-07-29 18:30:11,1,6653,6
v1.1,Bug fixes,2023-12-30 02:03:30,1,6147,146
v3.9,Bug fixes,2023-10-05 08:55:13,1,8295,132
v3.8,Bug fixes,2023-12-06 17:21:01,1,8335,116
v9.7,Bug fixes,2023-12-30 16:05:40,1,4194,37
v7.5,Bug fixes,2023-06-17 04:51:41,1,6915,138
v2.0,Bug fixes,2023-10-17 20:03:09,1,2605,185
v6.9,Bug fixes,2023-07-18 16:09:29,1,4135,24
v2.1,Bug fixes,2023-12-30 21:57:09,1,290,37
v3.7,Bug fixes,2023-07-05 05:38:21,1,4895,8
v8.4,Bug fixes,2023-12-23 04:17:00,1,3265,16
v9.2,Bug fixes,2023-06-29 04:38:13,1,5890,28
v5.9,Bug fixes,2023-11-11 23:38:08,1,9885,198
v3.5,Bug fixes,2023-12-30 10:11:02,1,6854,46
v1.3,Bug fixes,2023-12-03 11:27:45,1,409,5
v6.0,Bug fixes,2023-11-28 00:27:49,1,1585,127
v3.3,Bug fixes,2023-12-29 22:12:09,1,7792,42
v4.5,Bug fixes,2023-12-07 23:15:00,1,3500,120
v3.4,Bug fixes,2023-12-01 14:08:06,1,434,98
v9.0,Bug fixes,2023-12-09 04:26:01,1,4216,30
v3.8,Bug fixes,2023-12-28 18:03:14,1,1795,71
v7.5,Bug fixes,2023-11-26 18:36:53,1,5106,120
v5.7,Bug fixes,2023-08-25 12:51:18,1,2765,125
v3.1,Bug fixes,2023-12-20 20:20:18,1,7365,125
v9.4,Bug fixes,2023-12-30 12:19:28,1,8479,192
v9.5,Bug fixes,2023-12-10 15:58:23,1,5115,153