id_utilisateur,id_application,titre,contenu,date_publi,note
247,34,Bof,Ceci est un commentaire.,2023-12-30 04:32:05,1
477,199,Bof,Ceci est un commentaire.,2023-12-29 15:42:06,5
155,167,Bof,Ceci est un commentaire.,2023-12-25 19:59:02,3
445,174,Super,Ceci est un commentaire.,2023-12-02 05:34:46,5
438,125,Genial,Ceci est un commentaire.,2023-10-14 06:14:25,2
256,14,Super,Ceci est un commentaire.,2023-12-30 17:00:38,5
387,70,Nul,Ceci est un commentaire.,2023-04-15 02:46:39,4
24,54,A revoir,Ceci est un commentaire.,2023-11-02 10:17:39,4
16,144,Nul,Ceci est un commentaire.,2023-10-22 21:24:41,4
189,108,A revoir,Ceci est un commentaire.,2023-12-28 13:55:49,1
68,6,A revoir,Ceci est un commentaire.,2023-12-09 10:45:40,4
44,52,Bof,Ceci est un commentaire.,2023-08-31 14:17:35,3
378,94,Super,Ceci est un commentaire.,2023-06-19 18:29:14,3
12,116,Genial,Ceci est un commentaire.,2023-12-26 00:36:32,2
220,117,Nul,Ceci est un commentaire.,2023-12-24 18:56:51,5
336,46,Nul,Ceci est un commentaire.,2023-12-30 20:54:31,5
138,7,Nul,Ceci est un commentaire.,2023-11-21 12:27:29,4
330,79,Bof,Ceci est un commentaire.,2023-12-28 05:55:54,1
45,47,Nul,Ceci est un commentaire.,2023-12-30 00:03:44,1
242,117,Nul,Ceci est un commentaire.,2023-12-22 08:57:17,2
77,132,Genial,Ceci est un commentaire.,2023-11-27 18:47:11,5
213,83,Bof,Ceci est un commentaire.,2023-12-30 00:28:51,1
453,78,Super,Ceci est un commentaire.,2023-11-29 09:40:55,4
179,23,Bof,Ceci est un commentaire.,2023-12-30 14:16:36,5
308,126,Genial,Ceci est un commentaire.,2023-12-15 09:23:22,1
244,51,Nul,Ceci est un commentaire.,2023-12-26 01:06:54,1
138,102,Bof,Ceci est un commentaire.,2023-12-12 20:37:23,4
283,182,Super,Ceci est un commentaire.,2023-08-01 10:13:34,1
21,55,A revoir,Ceci est un commentaire.,2023-11-30 23:32:12,2
26,32,Genial,Ceci est un commentaire.,2023-12-19 06:55:12,1
490,63,A revoir,Ceci est un commentaire.,2023-12-30 22:48:04,2
335,22,Genial,Ceci est un commentaire.,2023-10-07 14:08:00,2
492,36,Super,Ceci est un commentaire.,2023-10-04 19:57:37,3
234,84,Nul,Ceci est un commentaire.,2023-12-30 01:35:54,3
314,66,Nul,Ceci est un commentaire.,2023-12-27 22:28:14,3
452,200,A revoir,Ceci est un commentaire.,2023-11-28 03:32:21,5
160,153,A revoir,Ceci est un commentaire.,2023-12-20 23:06:37,1
36,22,Nul,Ceci est un commentaire.,2023-11-06 02:25:40,1
132,67,Super,Ceci est un commentaire.,2023-12-26 04:06:09,1
211,15,Super,Ceci est un commentaire.,2023-12-24 07:32:09,4
171,56,A revoir,Ceci est un commentaire.,2023-12-26 11:38:06,2
397,188,Nul,Ceci est un commentaire.,2023-01-06 19:02:00,4
120,41,Genial,Ceci est un commentaire.,2023-12-30 22:02:13,1
250,190,Super,Ceci est un commentaire.,2023-12-30 17:31:35,3
403,19,Bof,Ceci est un commentaire.,2023-12-07 00:46:58,1
289,3,Genial,Ceci est un commentaire.,2023-05-26 15:16:55,4
7,148,Super,Ceci est un commentaire.,2023-12-29 12:10:18,5
4,134,Super,Ceci est un commentaire.,2023-12-30 06:06:33,3
387,34,A revoir,Ceci est un commentaire.,2023-12-30 17:51:25,2
32,189,Genial,Ceci est un commentaire.,2023-05-16 14:03:08,3
211,96,A revoir,Ceci est un commentaire.,2023-08-08 02:12:38,1
219,184,Nul,Ceci est un commentaire.,2023-12-30 08:44:09,3
209,152,Genial,Ceci est un commentaire.,2023-12-14 02:11:03,5
481,150,Nul,Ceci est un commentaire.,2023-12-21 14:13:43,4
18,158,Super,Ceci est un commentaire.,2023-10-18 04:45:25,3
175,162,Nul,Ceci est un commentaire.,2023-10-20 03:05:47,4
132,68,Nul,Ceci est un commentaire.,2023-11-30 08:44:24,1
36,44,Genial,Ceci est un commentaire.,2023-12-27 14:48:24,5
214,169,Bof,Ceci est un commentaire.,2023-12-25 15:29:52,1
245,141,Super,Ceci est un commentaire.,2023-12-10 01:51:55,2
311,89,Bof,Ceci est un commentaire.,2023-12-27 17:12:37,2
72,19,Genial,Ceci est un commentaire.,2023-11-30 07:13:59,4
491,113,Bof,Ceci est un commentaire.,2023-12-30 21:16:12,5
104,73,Bof,Ceci est un commentaire.,2023-12-15 06:02:34,2
50,88,A revoir,Ceci est un commentaire.,2023-12-04 19:21:32,5
29,25,Nul,Ceci est un commentaire.,2023-12-30 23:37:27,1
417,70,Bof,Ceci est un commentaire.,2023-12-25 05:48:27,1
161,183,Nul,Ceci est un commentaire.,2023-10-25 10:20:33,1
335,183,Super,Ceci est un commentaire.,2023-12-25 15:03:48,2
500,23,A revoir,Ceci est un commentaire.,2023-12-24 00:29:14,4
57,24,A revoir,Ceci est un commentaire.,2023-07-12 08:43:52,4
496,45,A revoir,Ceci est un commentaire.,2023-12-29 10:19:32,4
300,151,Nul,Ceci est un commentaire.,2023-12-14 01:55:55,1
312,189,Nul,Ceci est un commentaire.,2023-08-30 03:30:28,5
121,33,Nul,Ceci est un commentaire.,2023-12-28 21:48:03,1
216,60,Nul,Ceci est un commentaire.,2023-10-16 07:04:33,2
412,48,Super,Ceci est un commentaire.,2023-12-12 10:17:22,1
456,76,Nul,Ceci est un commentaire.,2023-12-15 04:05:22,2
77,17,Super,Ceci est un commentaire.,2023-08-10 07:58:46,2
460,88,Bof,Ceci est un commentaire.,2023-12-08 12:41:37,4
389,165,Super,Ceci est un commentaire.,2023-11-21 16:03:02,4
92,95,Bof,Ceci est un commentaire.,2023-05-11 15:44:26,3
498,143,Genial,Ceci est un commentaire.,2023-12-28 08:46:44,1
225,37,Genial,Ceci est un commentaire.,2023-12-30 23:35:23,5
364,145,Nul,Ceci est un commentaire.,2023-11-27 16:46:31,4
167,67,Genial,Ceci est un commentaire.,2023-12-30 10:44:06,4
83,55,Super,Ceci est un commentaire.,2023-12-25 04:05:38,4
232,164,Genial,Ceci est un commentaire.,2023-09-05 09:40:52,2
489,198,Bof,Ceci est un commentaire.,2023-12-11 12:44:32,1
66,148,Bof,Ceci est un commentaire.,2023-12-29 22:34:31,5
27,46,Genial,Ceci est un commentaire.,2023-12-30 20:16:40,4
180,151,Nul,Ceci est un commentaire.,2023-08-09 22:17:59,5
219,91,Genial,Ceci est un commentaire.,2023-02-23 08:56:14,4
44,85,A revoir,Ceci est un commentaire.,2023-07-18 18:41:10,2
382,48,A revoir,Ceci est un commentaire.,2023-12-23 07:49:20,2
62,170,A revoir,Ceci est un commentaire.,2023-12-21 02:33:24,4
232,163,Nul,Ceci est un commentaire.,2023-10-09 18:49:32,4
328,120,Bof,Ceci est un commentaire.,2023-12-18 13:22:25,3
60,40,Genial,Ceci est un commentaire.,2023-12-29 03:26:25,4
294,145,Nul,Ceci est un commentaire.,2023-12-05 11:24:17,5
42,171,Genial,Ceci est un commentaire.,2023-12-29 15:21:41,5
54,10,Bof,Ceci est un commentaire.,2023-11-17 06:29:02,5
277,52,Super,Ceci est un commentaire.,2023-09-07 04:33:01,2
28,139,Super,Ceci est un commentaire.,2023-11-29 10:15:36,4
214,7,A revoir,Ceci est un commentaire.,2023-11-24 21:07:06,1
109,121,Super,Ceci est un commentaire.,2023-12-27 04:19:48,1
216,156,Genial,Ceci est un commentaire.,2023-12-01 01:28:14,1
352,196,Super,Ceci est un commentaire.,2023-12-28 14:42:25,5
53,149,A revoir,Ceci est un commentaire.,2023-12-21 22:54:44,3
83,56,Nul,Ceci est un commentaire.,2023-12-29 12:11:22,2
238,140,Nul,Ceci est un commentaire.,2023-10-12 18:37:38,2
26,50,Genial,Ceci est un commentaire.,2023-12-26 15:00:38,5
65,182,Nul,Ceci est un commentaire.,2023-09-21 10:38:46,2
251,130,Nul,Ceci est un commentaire.,2023-11-29 16:26:53,4
118,78,Bof,Ceci est un commentaire.,2023-12-04 15:50:08,2
334,99,A revoir,Ceci est un commentaire.,2023-12-17 12:39:42,1
105,118,Bof,Ceci est un commentaire.,2023-12-30 23:02:57,4
486,163,A revoir,Ceci est un commentaire.,2023-12-18 06:06:32,4
298,54,Bof,Ceci est un commentaire.,2023-09-10 06:24:57,5
387,155,Genial,Ceci est un commentaire.,2023-12-30 18:39:45,1
148,74,Bof,Ceci est un commentaire.,2023-12-28 14:25:46,4
104,34,A revoir,Ceci est un commentaire.,2023-12-30 10:02:26,4
340,27,A revoir,Ceci est un commentaire.,2023-12-28 03:45:29,2
145,21,Genial,Ceci est un commentaire.,2023-11-08 14:08:08,5
141,16,Genial,Ceci est un commentaire.,2023-12-30 01:45:46,4
443,108,Genial,Ceci est un commentaire.,2023-12-29 05:20:43,3
433,51,Bof,Ceci est un commentaire.,2023-12-24 18:25:06,3
410,112,Super,Ceci est un commentaire.,2023-12-30 11:39:23,4
254,121,Super,Ceci est un commentaire.,2023-12-04 19:28:17,4
213,49,Super,Ceci est un commentaire.,2023-12-30 14:48:48,4
221,106,Nul,Ceci est un commentaire.,2023-11-14 11:36:42,1
440,180,Nul,Ceci est un commentaire.,2023-12-16 13:54:15,2
290,192,Super,Ceci est un commentaire.,2023-12-30 09:05:27,3
343,53,Genial,Ceci est un commentaire.,2023-12-12 21:22:46,2
467,185,Genial,Ceci est un commentaire.,2023-04-23 06:43:15,3
282,93,Bof,Ceci est un commentaire.,2023-12-25 21:28:24,1
429,193,A revoir,Ceci est un commentaire.,2023-12-14 08:59:32,5
174,20,Super,Ceci est un commentaire.,2023-12-10 23:37:17,4
125,6,A revoir,Ceci est un commentaire.,2023-10-21 14:36:12,4
208,192,Super,Ceci est un commentaire.,2023-12-30 22:06:53,5
241,96,Bof,Ceci est un commentaire.,2023-11-28 17:36:07,4
5,162,Nul,Ceci est un commentaire.,2023-12-15 05:08:21,3
226,76,Nul,Ceci est un commentaire.,2023-12-08 02:09:56,5
245,6,Genial,Ceci est un commentaire.,2023-12-05 07:36:00,4
138,2,Super,Ceci est un commentaire.,2023-12-30 18:15:50,2
118,72,A revoir,Ceci est un commentaire.,2023-12-08 16:41:09,5
124,196,Bof,Ceci est un commentaire.,2023-12-30 10:20:55,4
479,147,Super,Ceci est un commentaire.,2023-12-11 18:21:07,3
117,45,Super,Ceci est un commentaire.,2023-12-30 18:44:39,4
120,90,Bof,Ceci est un commentaire.,2023-11-18 16:29:17,3
493,112,Genial,Ceci est un commentaire.,2023-12-09 00:55:25,2
383,117,A revoir,Ceci est un commentaire.,2023-11-22 16:17:07,5
179,120,A revoir,Ceci est un commentaire.,2023-11-24 12:25:40,5
169,160,Nul,Ceci est un commentaire.,2023-12-25 16:36:25,2
19,189,Super,Ceci est un commentaire.,2023-10-24 00:44:20,5
226,46,Super,Ceci est un commentaire.,2023-12-30 08:07:33,5
102,151,Nul,Ceci est un commentaire.,2023-10-26 08:27:10,3
17,169,Genial,Ceci est un commentaire.,2023-12-22 08:55:11,1
395,188,A revoir,Ceci est un commentaire.,2023-12-13 11:34:05,1
485,7,Genial,Ceci est un commentaire.,2023-12-28 12:27:15,3
174,95,Nul,Ceci est un commentaire.,2023-12-03 06:47:53,1
73,35,Genial,Ceci est un commentaire.,2023-12-23 11:00:26,2
447,175,Super,Ceci est un commentaire.,2023-12-27 10:05:26,2
300,77,A revoir,Ceci est un commentaire.,2023-12-30 14:44:33,2
234,114,Nul,Ceci est un commentaire.,2023-12-18 13:24:13,5
369,101,Genial,Ceci est un commentaire.,2023-12-17 17:14:37,4
16,88,Genial,Ceci est un commentaire.,2023-11-11 07:49:43,1
209,11,Nul,Ceci est un commentaire.,2023-10-22 15:09:36,1
467,17,Nul,Ceci est un commentaire.,2023-05-24 04:19:07,2
433,102,Genial,Ceci est un commentaire.,2023-06-04 09:38:09,4
278,58,Nul,Ceci est un commentaire.,2023-12-21 17:19:41,5
85,14,Nul,Ceci est un commentaire.,2023-12-30 19:50:45,1
145,63,Bof,Ceci est un commentaire.,2023-12-29 06:37:19,1
213,43,A revoir,Ceci est un commentaire.,2023-12-28 10:59:08,1
395,52,A revoir,Ceci est un commentaire.,2023-06-14 23:31:38,4
244,168,A revoir,Ceci est un commentaire.,2023-12-24 11:30:42,1
396,12,Super,Ceci est un commentaire.,2023-10-21 22:12:28,4
467,189,Super,Ceci est un commentaire.,2023-12-20 09:34:06,4
116,141,Nul,Ceci est un commentaire.,2023-12-27 06:29:49,3
397,53,Genial,Ceci est un commentaire.,2023-12-26 04:25:19,3
357,113,A revoir,Ceci est un commentaire.,2023-12-30 21:49:53,4
194,173,Super,Ceci est un commentaire.,2023-12-30 12:30:47,5
4,151,Bof,Ceci est un commentaire.,2023-12-17 00:21:13,2
275,90,Nul,Ceci est un commentaire.,2023-12-06 15:07:29,3
55,36,Nul,Ceci est un commentaire.,2023-07-28 12:16:56,1
227,12,Super,Ceci est un commentaire.,2023-09-05 21:07:51,3
393,91,Genial,Ceci est un commentaire.,2023-11-25 01:32:26,4
235,169,Nul,Ceci est un commentaire.,2023-12-30 20:59:37,3
35,2,Super,Ceci est un commentaire.,2023-12-25 16:40:55,5
220,58,Super,Ceci est un commentaire.,2023-10-28 23:01:41,5
488,12,Bof,Ceci est un commentaire.,2023-11-07 17:40:17,1
153,94,Super,Ceci est un commentaire.,2023-12-27 20:58:30,3
27,77,Bof,Ceci est un commentaire.,2023-12-02 14:34:22,4
439,167,Super,Ceci est un commentaire.,2023-12-27 21:35:56,3
441,127,Super,Ceci est un commentaire.,2023-05-04 14:39:22,4
105,146,Nul,Ceci est un commentaire.,2023-12-30 02:01:06,5
193,60,Super,Ceci est un commentaire.,2023-10-16 01:16:48,3
63,129,A revoir,Ceci est un commentaire.,2023-12-25 14:20:52,3
333,51,Bof,Ceci est un commentaire.,2023-12-15 07:57:36,2
207,125,Bof,Ceci est un commentaire.,2023-08-30 20:23:28,5
309,80,Bof,Ceci est un commentaire.,2023-12-30 23:14:59,1
137,4,Nul,Ceci est un commentaire.,2023-09-04 05:38:25,5
103,164,Bof,Ceci est un commentaire.,2023-12-26 08:34:09,5
6,190,Super,Ceci est un commentaire.,2023-12-08 19:00:11,2
258,173,Nul,Ceci est un commentaire.,2023-12-30 23:55:40,2
192,109,Super,Ceci est un commentaire.,2023-12-19 21:28:36,3
130,46,Bof,Ceci est un commentaire.,2023-12-30 23:20:59,4
149,186,A revoir,Ceci est un commentaire.,2023-12-12 19:20:09,3
13,16,Bof,Ceci est un commentaire.,2023-12-25 02:46:01,1
185,168,Bof,Ceci est un commentaire.,2023-12-18 09:51:46,3
354,143,A revoir,Ceci est un commentaire.,2023-12-29 13:32:54,5
75,41,A revoir,Ceci est un commentaire.,2023-12-30 23:07:31,2
81,75,Super,Ceci est un commentaire.,2023-11-07 12:52:37,1
118,23,Nul,Ceci est un commentaire.,2023-11-07 08:48:56,3
185,127,Genial,Ceci est un commentaire.,2023-05-20 17:58:31,4
131,34,Bof,Ceci est un commentaire.,2023-12-30 20:37:37,4
11,180,A revoir,Ceci est un commentaire.,2023-12-06 07:09:30,4
216,93,Super,Ceci est un commentaire.,2023-12-29 12:20:36,5
242,106,Nul,Ceci est un commentaire.,2023-12-13 21:09:06,4
228,124,A revoir,Ceci est un commentaire.,2023-12-22 08:23:16,3
21,62,Bof,Ceci est un commentaire.,2023-10-29 01:25:45,2
127,74,Genial,Ceci est un commentaire.,2023-12-30 04:44:07,4
312,184,Bof,Ceci est un commentaire.,2023-12-28 19:43:53,1
257,130,Nul,Ceci est un commentaire.,2023-12-28 06:49:13,2
434,30,Bof,Ceci est un commentaire.,2023-12-29 16:15:22,5
57,173,Bof,Ceci est un commentaire.,2023-12-30 11:05:58,3
386,98,A revoir,Ceci est un commentaire.,2023-12-29 14:38:33,1
149,60,A revoir,Ceci est un commentaire.,2023-12-07 11:30:16,5
221,59,A revoir,Ceci est un commentaire.,2023-11-03 07:06:30,1
16,53,Nul,Ceci est un commentaire.,2023-10-26 05:13:24,4
316,67,Bof,Ceci est un commentaire.,2023-12-30 03:39:37,2
88,110,Super,Ceci est un commentaire.,2023-12-29 09:38:26,5
478,186,Genial,Ceci est un commentaire.,2023-12-17 00:25:26,4
202,43,Nul,Ceci est un commentaire.,2023-12-26 02:48:02,4
499,21,A revoir,Ceci est un commentaire.,2023-12-14 21:06:00,2
337,52,Nul,Ceci est un commentaire.,2023-07-01 09:12:42,2
385,177,A revoir,Ceci est un commentaire.,2023-12-29 02:01:59,1
164,5,Nul,Ceci est un commentaire.,2023-12-28 06:29:11,1
58,6,Genial,Ceci est un commentaire.,2023-12-25 13:39:13,5
147,76,Nul,Ceci est un commentaire.,2023-10-28 22:58:17,4
448,61,Super,Ceci est un commentaire.,2023-12-26 16:51:30,5
308,138,Nul,Ceci est un commentaire.,2023-11-28 05:46:41,3
496,95,Super,Ceci est un commentaire.,2023-06-21 02:39:20,1
125,127,Genial,Ceci est un commentaire.,2023-08-07 15:58:26,1
195,28,Genial,Ceci est un commentaire.,2023-12-13 00:17:45,1
320,192,Genial,Ceci est un commentaire.,2023-12-30 19:39:41,2
338,193,A revoir,Ceci est un commentaire.,2023-12-10 01:45:27,3
178,23,A revoir,Ceci est un commentaire.,2023-12-29 02:30:22,1
128,69,Bof,Ceci est un commentaire.,2023-12-30 04:46:25,5
158,87,Genial,Ceci est un commentaire.,2023-12-20 12:38:40,3
407,34,Genial,Ceci est un commentaire.,2023-12-30 01:36:59,4
282,116,Nul,Ceci est un commentaire.,2023-12-04 05:21:12,2
270,109,Nul,Ceci est un commentaire.,2023-10-23 00:49:25,4
437,83,Nul,Ceci est un commentaire.,2023-12-25 09:06:23,2
328,90,Bof,Ceci est un commentaire.,2023-09-08 08:57:08,2
101,29,A revoir,Ceci est un commentaire.,2023-11-28 17:37:00,2
488,21,A revoir,Ceci est un commentaire.,2023-12-24 11:50:34,4
165,99,A revoir,Ceci est un commentaire.,2023-12-30 12:50:30,2
458,177,Super,Ceci est un commentaire.,2023-11-09 13:57:49,1
474,162,Super,Ceci est un commentaire.,2023-10-27 04:11:29,5
113,171,Bof,Ceci est un commentaire.,2023-12-03 04:32:08,1
295,36,Bof,Ceci est un commentaire.,2023-08-07 11:13:15,1
168,176,Nul,Ceci est un commentaire.,2023-12-30 14:13:05,3
452,124,Nul,Ceci est un commentaire.,2023-12-25 21:03:16,3
197,69,Nul,Ceci est un commentaire.,2023-12-30 17:41:34,5
477,33,Genial,Ceci est un commentaire.,2023-12-30 17:06:58,3
234,158,Super,Ceci est un commentaire.,2023-10-17 20:10:01,1
271,44,Nul,Ceci est un commentaire.,2023-12-28 20:25:21,5
469,179,A revoir,Ceci est un commentaire.,2023-12-29 06:48:40,4
277,72,Nul,Ceci est un commentaire.,2023-11-02 08:01:43,4
43,90,Super,Ceci est un commentaire.,2023-07-17 14:40:31,3
227,158,Bof,Ceci est un commentaire.,2023-12-07 07:24:59,2
187,178,Super,Ceci est un commentaire.,2023-11-15 22:08:45,3
317,63,Bof,Ceci est un commentaire.,2023-12-30 20:32:08,2
286,20,A revoir,Ceci est un commentaire.,2023-12-28 15:15:13,4
289,31,Genial,Ceci est un commentaire.,2023-12-14 20:05:38,2
286,43,Super,Ceci est un commentaire.,2023-12-26 07:33:20,1
103,119,Bof,Ceci est un commentaire.,2023-10-14 19:44:59,4
187,154,Bof,Ceci est un commentaire.,2023-11-01 00:17:16,4
483,188,Nul,Ceci est un commentaire.,2023-05-25 05:04:48,4
65,66,A revoir,Ceci est un commentaire.,2023-11-20 13:56:29,2
114,51,Super,Ceci est un commentaire.,2023-12-11 05:43:40,3
187,113,Nul,Ceci est un commentaire.,2023-12-30 23:05:24,2
163,178,A revoir,Ceci est un commentaire.,2023-12-10 05:42:36,4
286,40,A revoir,Ceci est un commentaire.,2023-12-29 18:35:58,2
423,69,Nul,Ceci est un commentaire.,2023-12-29 08:41:12,4
190,123,Nul,Ceci est un commentaire.,2023-12-28 18:31:51,4
196,1,Bof,Ceci est un commentaire.,2023-12-30 13:55:11,2
461,114,A revoir,Ceci est un commentaire.,2023-12-14 12:23:40,5
159,159,Super,Ceci est un commentaire.,2023-12-17 16:10:01,5
394,80,Super,Ceci est un commentaire.,2023-12-15 18:03:31,5
235,44,Super,Ceci est un commentaire.,2023-12-30 07:34:03,3
166,180,Genial,Ceci est un commentaire.,2023-12-19 15:37:43,4
155,146,Genial,Ceci est un commentaire.,2023-12-30 12:01:16,4
445,129,Super,Ceci est un commentaire.,2023-12-30 01:47:37,5
410,94,Bof,Ceci est un commentaire.,2023-11-19 07:09:25,3
338,155,Super,Ceci est un commentaire.,2023-12-27 05:45:35,3
36,91,A revoir,Ceci est un commentaire.,2023-06-17 21:42:22,3
297,152,Super,Ceci est un commentaire.,2023-11-10 07:12:40,4
394,69,Bof,Ceci est un commentaire.,2023-12-30 23:53:27,1
301,48,A revoir,Ceci est un commentaire.,2023-12-09 23:14:48,3
244,37,A revoir,Ceci est un commentaire.,2023-12-29 21:58:14,1
227,142,A revoir,Ceci est un commentaire.,2023-12-04 02:41:52,4
175,93,Super,Ceci est un commentaire.,2023-12-26 02:53:10,3
156,123,A revoir,Ceci est un commentaire.,2023-12-17 23:11:37,2
359,110,Super,Ceci est un commentaire.,2023-12-27 05:17:39,1
162,144,A revoir,Ceci est un commentaire.,2023-07-22 14:13:57,1
78,63,Genial,Ceci est un commentaire.,2023-12-27 17:27:49,4
363,129,Super,Ceci est un commentaire.,2023-12-30 19:40:12,3
236,46,A revoir,Ceci est un commentaire.,2023-12-29 23:01:36,2
431,98,A revoir,Ceci est un commentaire.,2023-12-25 15:35:09,2
130,78,Super,Ceci est un commentaire.,2023-11-25 19:52:15,2
191,158,Super,Ceci est un commentaire.,2023-11-28 01:07:16,2
205,74,Bof,Ceci est un commentaire.,2023-12-01 05:00:24,5
62,182,Super,Ceci est un commentaire.,2023-08-18 11:32:02,1
272,156,Super,Ceci est un commentaire.,2023-12-27 22:51:20,3
237,153,Bof,Ceci est un commentaire.,2023-11-28 00:35:14,1
97,75,A revoir,Ceci est un commentaire.,2023-12-14 08:59:34,2
87,24,Super,Ceci est un commentaire.,2023-12-20 17:24:02,3
267,124,A revoir,Ceci est un commentaire.,2023-12-22 14:20:33,3
338,169,Nul,Ceci est un commentaire.,2023-12-29 13:34:56,5
413,67,Super,Ceci est un commentaire.,2023-12-26 03:55:19,2
363,87,Nul,Ceci est un commentaire.,2023-12-27 13:38:47,3
477,154,Super,Ceci est un commentaire.,2023-11-18 09:57:45,3
290,61,Genial,Ceci est un commentaire.,2023-12-22 20:06:52,4
154,125,Genial,Ceci est un commentaire.,2023-08-02 22:39:40,2
169,63,Genial,Ceci est un commentaire.,2023-12-28 08:45:16,2
189,199,Nul,Ceci est un commentaire.,2023-12-21 02:51:26,3
421,17,Nul,Ceci est un commentaire.,2023-10-03 02:43:16,1
70,183,A revoir,Ceci est un commentaire.,2023-12-13 16:40:45,1
198,14,Nul,Ceci est un commentaire.,2023-12-30 17:58:31,5
88,132,Super,Ceci est un commentaire.,2023-12-30 23:54:06,4
303,140,Nul,Ceci est un commentaire.,2023-07-24 16:46:29,3
193,196,Genial,Ceci est un commentaire.,2023-12-13 10:47:34,2
95,56,Bof,Ceci est un commentaire.,2023-12-20 09:31:01,1
71,116,Nul,Ceci est un commentaire.,2023-11-14 05:50:48,2
27,52,Genial,Ceci est un commentaire.,2023-08-08 04:41:47,5
191,147,Genial,Ceci est un commentaire.,2023-12-26 04:07:24,3
295,24,Bof,Ceci est un commentaire.,2023-08-16 00:39:03,5
314,1,Super,Ceci est un commentaire.,2023-12-30 19:55:34,2
12,54,Bof,Ceci est un commentaire.,2023-12-29 14:51:34,4
244,20,A revoir,Ceci est un commentaire.,2023-12-28 19:35:44,1
391,179,Nul,Ceci est un commentaire.,2023-12-29 19:57:58,5
133,176,Super,Ceci est un commentaire.,2023-10-29 15:50:24,2
437,176,Nul,Ceci est un commentaire.,2023-12-30 03:05:14,3
147,196,Nul,Ceci est un commentaire.,2023-12-30 10:07:54,3
107,26,Genial,Ceci est un commentaire.,2023-12-30 20:24:14,1
308,149,A revoir,Ceci est un commentaire.,2023-12-29 21:28:26,2
113,160,Bof,Ceci est un commentaire.,2023-12-30 14:42:14,1
215,128,A revoir,Ceci est un commentaire.,2023-12-30 22:01:28,5
92,114,Bof,Ceci est un commentaire.,2023-11-30 02:43:34,2
400,147,Genial,Ceci est un commentaire.,2023-12-27 02:10:58,5
237,68,Nul,Ceci est un commentaire.,2023-11-29 04:17:52,2
343,99,Super,Ceci est un commentaire.,2023-12-29 08:13:18,1
441,116,Nul,Ceci est un commentaire.,2023-09-21 22:30:50,1
492,29,Super,Ceci est un commentaire.,2023-08-27 06:22:08,1
446,55,Bof,Ceci est un commentaire.,2023-11-01 03:18:17,3
368,78,Nul,Ceci est un commentaire.,2023-11-26 16:21:04,1
401,135,A revoir,Ceci est un commentaire.,2023-12-15 15:27:52,3
22,200,Nul,Ceci est un commentaire.,2023-12-28 17:39:28,2
461,130,Genial,Ceci est un commentaire.,2023-12-25 21:45:11,1
309,149,Super,Ceci est un commentaire.,2023-12-26 08:07:47,5
454,107,Bof,Ceci est un commentaire.,2023-10-13 12:51:30,5
362,141,Nul,Ceci est un commentaire.,2023-12-06 01:49:02,1
38,157,Genial,Ceci est un commentaire.,2023-12-28 17:12:54,1
193,45,A revoir,Ceci est un commentaire.,2023-12-30 15:26:46,3
406,200,A revoir,Ceci est un commentaire.,2023-10-26 07:03:43,3
327,161,A revoir,Ceci est un commentaire.,2023-12-19 06:45:39,2
489,170,Bof,Ceci est un commentaire.,2023-11-26 22:45:23,2
5,198,A revoir,Ceci est un commentaire.,2023-10-12 16:27:42,1
475,111,A revoir,Ceci est un commentaire.,2023-12-26 10:32:12,3
113,83,Genial,Ceci est un commentaire.,2023-12-12 03:35:14,4
454,48,Bof,Ceci est un commentaire.,2023-12-18 16:03:58,2
17,115,Super,Ceci est un commentaire.,2023-10-17 08:50:30,2
132,180,Nul,Ceci est un commentaire.,2023-12-25 22:40:42,5
134,167,Genial,Ceci est un commentaire.,2023-12-28 06:36:41,3
440,47,Nul,Ceci est un commentaire.,2023-12-18 12:48:58,5
21,130,Bof,Ceci est un commentaire.,2023-12-27 18:03:24,5
342,33,Nul,Ceci est un commentaire.,2023-12-30 23:54:24,4
363,132,A revoir,Ceci est un commentaire.,2023-11-16 04:20:02,5
435,144,Super,Ceci est un commentaire.,2023-12-30 12:19:59,4
367,175,Nul,Ceci est un commentaire.,2023-12-11 23:59:33,1
498,25,Nul,Ceci est un commentaire.,2023-12-29 19:56:45,4
402,12,A revoir,Ceci est un commentaire.,2023-10-16 15:22:44,4
249,89,Super,Ceci est un commentaire.,2023-12-02 19:07:25,5
300,128,Nul,Ceci est un commentaire.,2023-12-30 23:33:24,4
139,29,Nul,Ceci est un commentaire.,2023-09-11 07:23:33,3
289,51,Nul,Ceci est un commentaire.,2023-12-22 13:59:21,1
344,12,A revoir,Ceci est un commentaire.,2023-11-08 17:15:13,1
373,63,Super,Ceci est un commentaire.,2023-12-28 14:58:05,3
68,45,A revoir,Ceci est un commentaire.,2023-12-30 02:55:02,1
492,99,A revoir,Ceci est un commentaire.,2023-12-16 18:22:31,2
288,9,Genial,Ceci est un commentaire.,2023-10-28 19:13:31,2
171,22,Genial,Ceci est un commentaire.,2023-12-13 06:12:21,5
430,45,Bof,Ceci est un commentaire.,2023-12-27 14:28:12,5
177,4,Super,Ceci est un commentaire.,2023-12-12 06:36:20,4
230,120,Nul,Ceci est un commentaire.,2023-12-29 14:32:28,5
320,37,Nul,Ceci est un commentaire.,2023-12-30 23:03:28,4
353,24,Bof,Ceci est un commentaire.,2023-06-22 12:37:37,4
365,48,Genial,Ceci est un commentaire.,2023-12-30 07:33:40,4
124,189,Genial,Ceci est un commentaire.,2023-10-06 04:04:04,1
212,51,Super,Ceci est un commentaire.,2023-12-25 05:23:44,1
349,36,Super,Ceci est un commentaire.,2023-12-05 11:39:47,2
315,39,Genial,Ceci est un commentaire.,2023-12-28 00:29:57,3
245,52,Nul,Ceci est un commentaire.,2023-03-29 04:42:23,4
387,74,Super,Ceci est un commentaire.,2023-10-06 02:03:00,2
444,51,Nul,Ceci est un commentaire.,2023-12-12 18:27:29,1
38,104,Genial,Ceci est un commentaire.,2023-11-08 03:54:04,2
449,23,Genial,Ceci est un commentaire.,2023-12-25 16:23:55,5
337,117,Genial,Ceci est un commentaire.,2023-12-06 11:26:36,5
173,196,Nul,Ceci est un commentaire.,2023-12-22 17:14:50,4
203,53,A revoir,Ceci est un commentaire.,2023-11-05 11:22:01,3
101,188,Super,Ceci est un commentaire.,2023-12-05 09:02:36,1
227,105,Nul,Ceci est un commentaire.,2023-10-10 11:35:30,5
143,151,A revoir,Ceci est un commentaire.,2023-10-24 14:02:35,5
485,80,A revoir,Ceci est un commentaire.,2023-11-29 23:29:48,3
192,85,Super,Ceci est un commentaire.,2023-12-11 20:18:27,2
141,125,Nul,Ceci est un commentaire.,2023-11-13 14:46:53,1
332,177,Super,Ceci est un commentaire.,2023-07-09 00:38:08,5
72,95,Nul,Ceci est un commentaire.,2023-07-17 03:13:49,1
181,65,Genial,Ceci est un commentaire.,2023-12-28 10:20:03,3
91,150,Bof,Ceci est un commentaire.,2023-12-28 16:51:02,5
371,176,Nul,Ceci est un commentaire.,2023-12-23 17:42:55,3
355,147,Super,Ceci est un commentaire.,2023-12-27 08:54:58,1
49,192,A revoir,Ceci est un commentaire.,2023-12-30 20:27:42,3
328,101,Genial,Ceci est un commentaire.,2023-12-28 03:53:35,4
124,77,Nul,Ceci est un commentaire.,2023-12-14 18:16:18,5
415,184,Genial,Ceci est un commentaire.,2023-12-30 07:02:12,4
199,82,Nul,Ceci est un commentaire.,2023-12-28 05:46:02,3
349,109,A revoir,Ceci est un commentaire.,2023-10-28 04:12:28,1
479,127,A revoir,Ceci est un commentaire.,2023-07-15 11:40:17,1
164,193,Genial,Ceci est un commentaire.,2023-12-11 07:52:37,3
131,1,Bof,Ceci est un commentaire.,2023-12-30 23:22:15,3
104,88,Bof,Ceci est un commentaire.,2023-10-08 14:37:30,1
310,143,Nul,Ceci est un commentaire.,2023-12-26 15:42:38,4
227,68,Genial,Ceci est un commentaire.,2023-12-26 20:55:59,1
276,171,Genial,Ceci est un commentaire.,2023-11-21 18:30:52,2
461,129,Nul,Ceci est un commentaire.,2023-09-28 16:19:37,2
500,34,A revoir,Ceci est un commentaire.,2023-12-30 05:10:40,3
492,56,Genial,Ceci est un commentaire.,2023-12-30 12:39:05,2
134,54,Bof,Ceci est un commentaire.,2023-12-29 05:29:16,5
448,123,Super,Ceci est un commentaire.,2023-11-27 00:00:08,2
161,186,Nul,Ceci est un commentaire.,2023-12-18 14:47:47,1
255,47,Bof,Ceci est un commentaire.,2023-12-25 01:13:26,3
298,46,Nul,Ceci est un commentaire.,2023-12-30 14:15:19,4
120,143,Nul,Ceci est un commentaire.,2023-12-28 21:51:47,5
340,200,A revoir,Ceci est un commentaire.,2023-10-28 17:19:51,4
188,61,Nul,Ceci est un commentaire.,2023-12-27 22:32:02,5
449,71,Bof,Ceci est un commentaire.,2023-12-30 15:52:10,1
241,83,A revoir,Ceci est un commentaire.,2023-12-30 03:21:36,3
63,181,Bof,Ceci est un commentaire.,2023-02-11 23:25:58,1
331,45,Bof,Ceci est un commentaire.,2023-12-26 19:46:00,5
222,92,Bof,Ceci est un commentaire.,2023-11-28 19:06:33,3
152,89,A revoir,Ceci est un commentaire.,2023-11-20 01:01:45,4
115,110,Bof,Ceci est un commentaire.,2023-11-07 18:08:12,3
120,12,Bof,Ceci est un commentaire.,2023-10-07 19:13:48,5
241,158,Nul,Ceci est un commentaire.,2023-12-26 17:06:00,1
466,156,Super,Ceci est un commentaire.,2023-12-03 05:58:28,4
392,110,Bof,Ceci est un commentaire.,2023-11-28 19:25:35,4
379,40,Genial,Ceci est un commentaire.,2023-12-30 17:10:19,1
161,22,Genial,Ceci est un commentaire.,2023-11-02 22:31:27,3
51,164,Nul,Ceci est un commentaire.,2023-11-11 22:37:46,5
174,195,Genial,Ceci est un commentaire.,2023-09-05 01:14:36,3
316,42,Genial,Ceci est un commentaire.,2023-12-30 09:19:14,5
396,144,Genial,Ceci est un commentaire.,2023-12-02 22:40:08,2
382,56,A revoir,Ceci est un commentaire.,2023-12-28 13:54:45,3
145,191,A revoir,Ceci est un commentaire.,2023-01-12 08:05:22,3
42,36,Nul,Ceci est un commentaire.,2023-08-23 09:02:55,2
158,179,Genial,Ceci est un commentaire.,2023-12-29 19:41:23,2
204,81,Nul,Ceci est un commentaire.,2023-12-08 13:49:39,5
355,4,Super,Ceci est un commentaire.,2023-12-20 09:04:25,4
360,197,Nul,Ceci est un commentaire.,2023-12-30 23:53:43,2
422,160,Bof,Ceci est un commentaire.,2023-12-06 04:23:49,1
209,9,Super,Ceci est un commentaire.,2023-09-13 19:50:39,1
180,111,Super,Ceci est un commentaire.,2023-06-09 21:21:36,4
390,4,Bof,Ceci est un commentaire.,2023-11-12 21:01:49,2
293,139,Bof,Ceci est un commentaire.,2023-07-15 03:09:19,4
189,176,Super,Ceci est un commentaire.,2023-10-21 08:02:37,3
440,153,Nul,Ceci est un commentaire.,2023-11-13 16:45:05,4
320,67,Bof,Ceci est un commentaire.,2023-12-28 05:32:22,2
265,7,A revoir,Ceci est un commentaire.,2023-12-23 16:35:01,5
453,79,Super,Ceci est un commentaire.,2023-12-23 00:57:57,3
202,102,Nul,Ceci est un commentaire.,2023-11-06 23:59:36,5
175,167,Genial,Ceci est un commentaire.,2023-12-22 16:42:44,1
430,21,Bof,Ceci est un commentaire.,2023-10-05 02:01:02,2
67,131,Genial,Ceci est un commentaire.,2023-12-30 03:38:45,4
108,45,Genial,Ceci est un commentaire.,2023-12-30 13:10:44,3
471,186,Bof,Ceci est un commentaire.,2023-12-30 14:56:31,1
444,175,A revoir,Ceci est un commentaire.,2023-08-04 15:13:05,1
330,149,Super,Ceci est un commentaire.,2023-11-30 23:36:44,2
335,180,A revoir,Ceci est un commentaire.,2023-11-29 16:43:54,5
23,60,A revoir,Ceci est un commentaire.,2023-12-10 15:44:46,4
450,117,A revoir,Ceci est un commentaire.,2023-12-21 14:55:11,2
444,100,Bof,Ceci est un commentaire.,2023-05-07 20:24:55,5
269,29,A revoir,Ceci est un commentaire.,2023-12-18 12:26:48,2
394,94,A revoir,Ceci est un commentaire.,2022-12-30 13:07:00,2
438,87,Nul,Ceci est un commentaire.,2023-12-26 08:52:51,1
46,178,Genial,Ceci est un commentaire.,2023-12-30 04:22:47,5
476,138,Genial,Ceci est un commentaire.,2023-09-13 12:03:19,5
307,75,A revoir,Ceci est un commentaire.,2023-11-22 06:51:07,1
386,190,Super,Ceci est un commentaire.,2023-12-29 11:29:23,4
484,22,Super,Ceci est un commentaire.,2023-12-19 23:53:05,4
409,46,Super,Ceci est un commentaire.,2023-12-30 23:26:17,1
184,76,Nul,Ceci est un commentaire.,2023-08-22 17:16:54,5
405,137,Bof,Ceci est un commentaire.,2023-12-28 23:24:47,2
5,55,Nul,Ceci est un commentaire.,2023-12-29 14:16:27,4
8,23,Nul,Ceci est un commentaire.,2023-12-26 01:21:11,4
189,142,Super,Ceci est un commentaire.,2023-12-23 06:59:16,1
195,20,Bof,Ceci est un commentaire.,2023-12-20 12:54:12,2
284,53,A revoir,Ceci est un commentaire.,2023-10-03 10:21:54,2
35,179,Super,Ceci est un commentaire.,2023-12-29 21:53:12,2
152,13,Genial,Ceci est un commentaire.,2023-12-30 00:30:37,4
11,145,Nul,Ceci est un commentaire.,2023-11-30 21:51:35,3
186,119,Super,Ceci est un commentaire.,2023-12-24 16:53:32,2
189,159,A revoir,Ceci est un commentaire.,2023-11-20 05:43:44,5
139,183,Genial,Ceci est un commentaire.,2023-12-22 15:19:07,2
300,197,Nul,Ceci est un commentaire.,2023-12-28 10:27:24,2
411,142,Nul,Ceci est un commentaire.,2023-12-24 15:18:53,4
300,30,Nul,Ceci est un commentaire.,2023-12-21 20:47:27,1
445,36,Nul,Ceci est un commentaire.,2023-09-21 08:17:29,1
482,130,A revoir,Ceci est un commentaire.,2023-12-30 12:26:44,5
19,48,Nul,Ceci est un commentaire.,2023-12-08 20:26:29,2
51,32,Genial,Ceci est un commentaire.,2023-12-13 11:45:19,3
393,40,Nul,Ceci est un commentaire.,2023-12-29 21:51:18,1
24,76,Genial,Ceci est un commentaire.,2023-09-09 15:28:00,3
23,81,Genial,Ceci est un commentaire.,2023-09-30 13:59:36,2
494,118,A revoir,Ceci est un commentaire.,2023-12-05 22:49:17,3
323,174,Genial,Ceci est un commentaire.,2023-11-25 01:51:05,4
128,187,Super,Ceci est un commentaire.,2023-12-18 11:55:00,3
224,21,Nul,Ceci est un commentaire.,2023-11-02 11:28:47,2
247,168,Nul,Ceci est un commentaire.,2023-12-27 08:18:40,4
291,21,Nul,Ceci est un commentaire.,2023-12-21 17:38:07,2
288,114,A revoir,Ceci est un commentaire.,2023-12-17 16:38:54,3
485,163,Genial,Ceci est un commentaire.,2023-12-03 03:12:21,4
379,125,Nul,Ceci est un commentaire.,2023-10-09 23:43:07,3
192,2,Bof,Ceci est un commentaire.,2023-12-28 12:34:19,3
277,84,Nul,Ceci est un commentaire.,2023-12-20 19:58:10,4
290,36,Genial,Ceci est un commentaire.,2023-10-26 09:36:54,5
190,16,A revoir,Ceci est un commentaire.,2023-12-26 19:12:29,1
488,172,Nul,Ceci est un commentaire.,2023-12-17 23:35:56,4
224,68,Super,Ceci est un commentaire.,2023-11-13 23:50:55,4
256,85,A revoir,Ceci est un commentaire.,2023-11-26 14:14:17,1
386,109,Super,Ceci est un commentaire.,2023-05-22 21:25:11,4
293,114,Super,Ceci est un commentaire.,2023-07-14 10:01:50,3
316,13,Nul,Ceci est un commentaire.,2023-12-30 08:45:06,1
207,74,Genial,Ceci est un commentaire.,2023-11-30 07:44:57,4
188,27,Genial,Ceci est un commentaire.,2023-12-26 11:10:21,1
163,57,Bof,Ceci est un commentaire.,2023-12-26 02:21:52,1
324,58,Nul,Ceci est un commentaire.,2023-12-30 23:47:32,4
76,143,Bof,Ceci est un commentaire.,2023-12-24 21:52:37,4
465,134,Bof,Ceci est un commentaire.,2023-12-02 06:46:09,3
373,33,Genial,Ceci est un commentaire.,2023-12-30 21:19:04,4
124,29,Super,Ceci est un commentaire.,2023-12-22 23:16:40,4
146,168,Genial,Ceci est un commentaire.,2023-12-30 22:07:15,2
490,73,Super,Ceci est un commentaire.,2023-12-13 20:11:02,3
313,29,Super,Ceci est un commentaire.,2023-12-07 16:20:12,5
28,130,Super,Ceci est un commentaire.,2023-12-29 13:25:42,1
45,133,Super,Ceci est un commentaire.,2023-12-26 14:00:59,2
215,176,Genial,Ceci est un commentaire.,2023-12-06 12:46:10,5
144,26,Genial,Ceci est un commentaire.,2023-12-29 22:04:46,3
335,197,Genial,Ceci est un commentaire.,2023-12-30 21:56:45,4
363,13,Genial,Ceci est un commentaire.,2023-12-29 23:04:30,1
103,124,Nul,Ceci est un commentaire.,2023-11-27 00:00:28,3
148,145,Genial,Ceci est un commentaire.,2023-11-09 08:18:36,1
411,40,A revoir,Ceci est un commentaire.,2023-12-30 22:21:19,2
497,172,Genial,Ceci est un commentaire.,2023-12-27 01:56:18,4
409,1,A revoir,Ceci est un commentaire.,2023-12-30 23:09:55,4
448,68,Bof,Ceci est un commentaire.,2023-10-08 08:08:22,4
41,180,Nul,Ceci est un commentaire.,2023-12-28 12:51:45,2
50,135,Genial,Ceci est un commentaire.,2023-12-30 18:20:38,5
332,46,Bof,Ceci est un commentaire.,2023-12-29 19:15:02,1
142,107,Bof,Ceci est un commentaire.,2023-11-01 13:12:45,1
399,135,Genial,Ceci est un commentaire.,2023-12-27 15:36:00,4
335,12,Genial,Ceci est un commentaire.,2023-06-17 00:07:07,1
487,150,Genial,Ceci est un commentaire.,2023-12-28 16:21:02,4
435,102,Super,Ceci est un commentaire.,2023-09-21 21:46:05,3
5,24,Super,Ceci est un commentaire.,2023-09-05 06:53:21,2
147,4,Nul,Ceci est un commentaire.,2023-09-02 09:11:14,3
68,195,Genial,Ceci est un commentaire.,2023-12-17 15:56:08,5
91,73,Genial,Ceci est un commentaire.,2023-12-24 09:45:38,1
261,40,Genial,Ceci est un commentaire.,2023-12-30 11:28:43,3
156,35,Bof,Ceci est un commentaire.,2023-12-16 19:56:03,4
345,94,Genial,Ceci est un commentaire.,2023-12-02 07:59:38,5
115,169,Nul,Ceci est un commentaire.,2023-12-25 23:27:50,5
92,195,Bof,Ceci est un commentaire.,2023-10-21 17:34:00,3
90,89,Genial,Ceci est un commentaire.,2023-11-12 14:06:04,4
23,182,A revoir,Ceci est un commentaire.,2023-12-26 23:22:17,5
476,168,Super,Ceci est un commentaire.,2023-12-28 00:25:20,1
43,93,Genial,Ceci est un commentaire.,2023-09-16 18:39:33,5
30,120,Genial,Ceci est un commentaire.,2023-12-12 11:45:54,5
21,173,Bof,Ceci est un commentaire.,2023-12-29 00:56:24,3
47,35,Genial,Ceci est un commentaire.,2023-12-27 09:27:43,3
459,173,Bof,Ceci est un commentaire.,2023-12-30 15:40:30,5
290,138,Genial,Ceci est un commentaire.,2023-08-30 20:23:58,1
268,21,A revoir,Ceci est un commentaire.,2023-11-09 07:29:42,5
208,181,Nul,Ceci est un commentaire.,2023-12-13 20:26:12,2
397,180,Bof,Ceci est un commentaire.,2023-12-24 12:33:38,4
339,107,Genial,Ceci est un commentaire.,2023-10-06 19:07:08,3
99,197,Bof,Ceci est un commentaire.,2023-12-30 17:17:15,1
450,151,Bof,Ceci est un commentaire.,2023-11-05 07:21:26,3
11,74,Nul,Ceci est un commentaire.,2023-08-24 13:47:10,4
273,114,Super,Ceci est un commentaire.,2023-09-05 14:01:18,1
296,123,Nul,Ceci est un commentaire.,2023-12-16 02:28:41,3
1,120,Nul,Ceci est un commentaire.,2023-12-02 05:21:58,1
472,178,Super,Ceci est un commentaire.,2023-12-14 20:26:37,4
462,65,Bof,Ceci est un commentaire.,2023-12-30 04:42:49,1
186,136,Genial,Ceci est un commentaire.,2023-12-02 23:59:33,3
105,75,A revoir,Ceci est un commentaire.,2023-12-18 22:05:36,3
57,145,Super,Ceci est un commentaire.,2023-11-12 07:36:56,5
102,117,Genial,Ceci est un commentaire.,2023-11-19 13:16:24,4
75,91,Super,Ceci est un commentaire.,2023-11-17 21:25:39,1
459,20,Genial,Ceci est un commentaire.,2023-12-30 15:49:42,1
60,115,Bof,Ceci est un commentaire.,2023-11-25 19:30:55,4
368,76,Nul,Ceci est un commentaire.,2023-11-12 11:03:21,5
319,90,Bof,Ceci est un commentaire.,2023-10-13 04:36:22,2
298,172,Genial,Ceci est un commentaire.,2023-10-29 17:25:51,2
477,80,Super,Ceci est un commentaire.,2023-12-24 10:08:05,3
487,122,Super,Ceci est un commentaire.,2023-12-28 14:52:43,4
341,93,Bof,Ceci est un commentaire.,2023-12-21 14:17:02,2
251,181,Nul,Ceci est un commentaire.,2023-05-29 10:59:38,5
475,36,Genial,Ceci est un commentaire.,2023-07-27 22:01:47,1
81,95,A revoir,Ceci est un commentaire.,2023-05-08 11:16:40,3
64,91,A revoir,Ceci est un commentaire.,2023-11-19 00:02:05,4
99,16,Nul,Ceci est un commentaire.,2023-12-29 15:52:57,2
148,116,A revoir,Ceci est un commentaire.,2023-12-16 01:57:10,3
228,109,Nul,Ceci est un commentaire.,2023-05-16 08:54:33,4
279,92,Bof,Ceci est un commentaire.,2023-11-18 12:11:03,1
326,162,Genial,Ceci est un commentaire.,2023-07-07 07:23:01,3
433,4,A revoir,Ceci est un commentaire.,2023-12-29 17:09:59,4
468,29,Super,Ceci est un commentaire.,2023-10-26 05:02:14,5
359,190,Nul,Ceci est un commentaire.,2023-12-23 04:26:23,5
278,52,A revoir,Ceci est un commentaire.,2023-07-02 19:56:21,5
149,173,Genial,Ceci est un commentaire.,2023-12-29 01:58:46,4
396,170,Bof,Ceci est un commentaire.,2023-10-16 09:31:31,5
443,192,Nul,Ceci est un commentaire.,2023-12-30 14:56:03,3
408,24,Super,Ceci est un commentaire.,2023-12-23 19:19:07,5
484,100,Bof,Ceci est un commentaire.,2023-09-21 09:17:49,2
362,29,Bof,Ceci est un commentaire.,2023-09-11 21:18:41,5
41,27,A revoir,Ceci est un commentaire.,2023-12-30 09:30:23,1
204,89,A revoir,Ceci est un commentaire.,2023-12-22 12:23:49,5
33,16,Super,Ceci est un commentaire.,2023-12-24 14:53:52,4
495,154,Bof,Ceci est un commentaire.,2023-12-08 09:50:14,3
360,200,Nul,Ceci est un commentaire.,2023-11-17 11:04:48,2
341,116,Super,Ceci est un commentaire.,2023-10-25 11:29:02,1
124,174,Super,Ceci est un commentaire.,2023-11-13 12:43:06,3
200,21,A revoir,Ceci est un commentaire.,2023-12-06 11:07:35,1
234,75,Nul,Ceci est un commentaire.,2023-12-12 01:38:33,3
359,109,Super,Ceci est un commentaire.,2022-10-23 10:10:01,1
72,170,Bof,Ceci est un commentaire.,2023-07-19 17:52:41,4
66,106,Nul,Ceci est un commentaire.,2023-11-16 15:59:16,2
60,51,Nul,Ceci est un commentaire.,2023-12-29 10:32:19,5
96,28,Nul,Ceci est un commentaire.,2023-07-19 09:17:33,4
95,8,A revoir,Ceci est un commentaire.,2023-11-20 09:48:53,2
334,119,A revoir,Ceci est un commentaire.,2023-10-03 16:47:18,4
279,8,A revoir,Ceci est un commentaire.,2023-08-06 20:28:29,3
174,7,Genial,Ceci est un commentaire.,2023-12-15 16:29:16,2
93,152,Genial,Ceci est un commentaire.,2023-12-24 09:47:47,5
3,171,A revoir,Ceci est un commentaire.,2023-12-06 15:58:53,3
458,166,Bof,Ceci est un commentaire.,2023-08-10 10:00:41,2
443,160,Genial,Ceci est un commentaire.,2023-12-29 23:07:02,1
275,102,Nul,Ceci est un commentaire.,2023-08-29 08:11:18,3
89,177,Genial,Ceci est un commentaire.,2023-10-16 00:27:54,2
315,93,Bof,Ceci est un commentaire.,2023-12-27 10:46:25,5
299,95,Nul,Ceci est un commentaire.,2023-04-26 16:09:06,1
3,78,A revoir,Ceci est un commentaire.,2023-11-22 23:57:43,3
246,103,Super,Ceci est un commentaire.,2023-11-17 00:00:03,2
455,114,Genial,Ceci est un commentaire.,2023-09-24 01:24:04,2
174,119,Super,Ceci est un commentaire.,2023-04-07 08:15:26,2
14,145,Bof,Ceci est un commentaire.,2023-12-24 07:03:22,5
392,53,A revoir,Ceci est un commentaire.,2023-10-06 07:08:52,1
348,39,Nul,Ceci est un commentaire.,2023-12-30 17:35:26,1
470,78,A revoir,Ceci est un commentaire.,2023-12-19 22:37:34,4
197,147,Nul,Ceci est un commentaire.,2023-12-29 00:14:39,1
273,147,Genial,Ceci est un commentaire.,2023-12-24 05:16:02,5
191,52,Nul,Ceci est un commentaire.,2023-11-04 23:21:06,5
140,168,Bof,Ceci est un commentaire.,2023-12-18 09:19:49,4
224,197,A revoir,Ceci est un commentaire.,2023-12-30 16:16:00,1
409,49,Genial,Ceci est un commentaire.,2023-12-02 09:56:17,5
20,88,A revoir,Ceci est un commentaire.,2023-05-15 14:41:17,3
464,55,A revoir,Ceci est un commentaire.,2023-12-17 00:24:31,2
79,114,Bof,Ceci est un commentaire.,2023-11-23 18:23:33,1
372,61,Super,Ceci est un commentaire.,2023-12-23 10:42:11,2
106,40,Genial,Ceci est un commentaire.,2023-12-29 18:52:13,5
128,100,Bof,Ceci est un commentaire.,2023-09-13 13:35:29,4
20,56,Genial,Ceci est un commentaire.,2023-12-26 22:12:31,4
303,139,Bof,Ceci est un commentaire.,2023-04-27 04:47:34,2
462,151,A revoir,Ceci est un commentaire.,2023-12-03 16:02:50,5
371,108,Bof,Ceci est un commentaire.,2023-12-30 23:48:47,3
173,170,Genial,Ceci est un commentaire.,2023-10-08 07:59:07,4
389,167,Genial,Ceci est un commentaire.,2023-12-21 11:09:21,5
497,16,Bof,Ceci est un commentaire.,2023-12-29 21:28:26,2
419,165,Nul,Ceci est un commentaire.,2023-12-22 23:17:39,1
367,79,Genial,Ceci est un commentaire.,2023-12-18 05:12:05,1
491,154,Genial,Ceci est un commentaire.,2023-12-19 17:38:19,4
412,140,Bof,Ceci est un commentaire.,2023-07-30 03:35:56,5
125,109,Bof,Ceci est un commentaire.,2023-08-13 18:55:54,5
141,182,Nul,Ceci est un commentaire.,2023-12-13 23:29:48,3
126,71,Bof,Ceci est un commentaire.,2023-12-29 09:23:39,4
122,97,Bof,Ceci est un commentaire.,2023-12-27 12:03:11,4
355,128,A revoir,Ceci est un commentaire.,2023-12-30 11:48:00,3
433,112,Nul,Ceci est un commentaire.,2023-12-29 14:40:56,1
449,109,A revoir,Ceci est un commentaire.,2023-12-08 11:31:47,3
337,74,Genial,Ceci est un commentaire.,2023-08-23 14:24:43,5
35,183,Super,Ceci est un commentaire.,2023-11-04 00:28:30,5
51,180,Genial,Ceci est un commentaire.,2023-12-30 05:30:02,4
440,162,Nul,Ceci est un commentaire.,2023-10-18 01:30:35,5
175,107,Genial,Ceci est un commentaire.,2023-12-09 18:09:38,2
10,118,Nul,Ceci est un commentaire.,2023-12-19 19:32:51,2
323,32,Genial,Ceci est un commentaire.,2023-12-15 19:16:48,2
275,60,Genial,Ceci est un commentaire.,2023-04-17 15:17:42,5
338,130,Nul,Ceci est un commentaire.,2023-12-28 02:34:53,3
43,193,A revoir,Ceci est un commentaire.,2023-12-05 18:16:27,3
355,74,Nul,Ceci est un commentaire.,2023-11-13 15:06:55,5
435,98,Super,Ceci est un commentaire.,2023-12-08 12:33:16,2
331,70,Super,Ceci est un commentaire.,2023-01-30 17:58:33,1
181,16,Bof,Ceci est un commentaire.,2023-12-30 09:31:09,1
338,134,Genial,Ceci est un commentaire.,2023-12-11 06:39:35,1
153,48,Super,Ceci est un commentaire.,2023-12-04 17:36:57,2
329,45,Genial,Ceci est un commentaire.,2023-12-27 21:24:00,3
272,70,Bof,Ceci est un commentaire.,2023-10-24 00:37:22,4
77,8,Bof,Ceci est un commentaire.,2023-11-10 13:18:02,2
266,117,Super,Ceci est un commentaire.,2023-09-07 20:46:11,4
328,179,Bof,Ceci est un commentaire.,2023-12-27 22:27:15,5
50,108,A revoir,Ceci est un commentaire.,2023-12-29 21:26:14,2
405,85,Genial,Ceci est un commentaire.,2023-12-16 00:33:52,5
124,183,Super,Ceci est un commentaire.,2023-12-19 13:35:06,5
273,116,Nul,Ceci est un commentaire.,2023-10-18 19:55:21,2
205,152,A revoir,Ceci est un commentaire.,2023-12-21 18:21:18,4
167,96,A revoir,Ceci est un commentaire.,2023-09-13 17:14:40,5
56,75,A revoir,Ceci est un commentaire.,2023-10-29 13:40:14,3
256,97,Genial,Ceci est un commentaire.,2023-12-25 11:05:05,5
83,16,Super,Ceci est un commentaire.,2023-12-24 00:49:27,3
95,127,Bof,Ceci est un commentaire.,2023-11-02 04:53:28,1
61,189,Nul,Ceci est un commentaire.,2023-09-18 07:03:18,2
183,151,Super,Ceci est un commentaire.,2023-12-17 01:07:22,1
67,25,Nul,Ceci est un commentaire.,2023-12-26 11:18:11,4
233,195,Nul,Ceci est un commentaire.,2023-12-24 19:47:55,5
330,191,Genial,Ceci est un commentaire.,2023-08-11 23:17:31,4
334,21,A revoir,Ceci est un commentaire.,2023-09-16 13:02:52,1
187,146,A revoir,Ceci est un commentaire.,2023-12-30 11:01:38,5
56,104,Nul,Ceci est un commentaire.,2023-10-11 23:29:23,1
476,38,A revoir,Ceci est un commentaire.,2023-12-24 08:17:13,2
275,198,Genial,Ceci est un commentaire.,2023-12-27 06:53:52,4
117,95,Nul,Ceci est un commentaire.,2023-12-12 02:07:47,2
284,75,Genial,Ceci est un commentaire.,2023-12-23 06:35:49,2
500,33,A revoir,Ceci est un commentaire.,2023-12-28 20:16:59,4
187,38,Genial,Ceci est un commentaire.,2023-12-25 05:44:15,1
273,187,Bof,Ceci est un commentaire.,2023-12-30 15:55:49,3
194,8,Nul,Ceci est un commentaire.,2023-12-24 08:17:24,5
121,110,Bof,Ceci est un commentaire.,2023-12-30 17:05:38,3
184,180,Super,Ceci est un commentaire.,2023-12-23 21:43:47,2
393,50,Super,Ceci est un commentaire.,2022-11-13 10:13:41,5
454,152,Super,Ceci est un commentaire.,2023-11-12 13:51:34,3
403,104,Genial,Ceci est un commentaire.,2023-12-25 18:48:20,3
260,61,A revoir,Ceci est un commentaire.,2023-12-30 01:31:50,1
390,64,A revoir,Ceci est un commentaire.,2023-10-22 12:56:06,2
316,33,Super,Ceci est un commentaire.,2023-12-30 06:31:18,1
452,51,Super,Ceci est un commentaire.,2023-12-25 19:43:11,1
500,3,Super,Ceci est un commentaire.,2023-11-20 14:49:15,5
307,153,Genial,Ceci est un commentaire.,2023-12-30 04:06:08,4
113,9,A revoir,Ceci est un commentaire.,2023-10-17 05:46:34,1
203,50,Bof,Ceci est un commentaire.,2023-12-11 03:56:06,2
337,20,Nul,Ceci est un commentaire.,2023-12-05 07:41:17,2
440,35,Super,Ceci est un commentaire.,2023-12-12 11:54:36,4
242,187,Bof,Ceci est un commentaire.,2023-12-29 16:19:52,5
466,195,A revoir,Ceci est un commentaire.,2023-10-18 16:31:38,5
298,39,Super,Ceci est un commentaire.,2023-12-28 15:08:38,5
126,28,Bof,Ceci est un commentaire.,2023-08-18 12:11:34,2
392,135,Bof,Ceci est un commentaire.,2023-12-15 02:22:02,2
12,21,Super,Ceci est un commentaire.,2023-12-26 04:46:56,3
282,171,A revoir,Ceci est un commentaire.,2023-12-03 03:23:19,3
288,16,Bof,Ceci est un commentaire.,2023-12-21 19:34:38,2
70,167,Genial,Ceci est un commentaire.,2023-12-07 15:16:50,3
135,170,Bof,Ceci est un commentaire.,2022-11-19 20:02:55,2
305,36,A revoir,Ceci est un commentaire.,2023-08-03 19:17:50,3
232,113,Genial,Ceci est un commentaire.,2023-12-30 16:03:24,3
467,82,Nul,Ceci est un commentaire.,2023-11-27 01:47:03,3
103,107,Super,Ceci est un commentaire.,2023-07-03 07:44:20,1
262,195,Super,Ceci est un commentaire.,2023-12-07 04:11:59,2
203,73,Super,Ceci est un commentaire.,2023-12-17 23:10:21,4
321,4,A revoir,Ceci est un commentaire.,2023-11-18 14:59:54,4
424,175,Genial,Ceci est un commentaire.,2023-08-20 11:43:52,1
16,102,Genial,Ceci est un commentaire.,2023-11-06 22:37:44,5
495,140,Bof,Ceci est un commentaire.,2023-10-25 20:35:11,4
156,125,Nul,Ceci est un commentaire.,2023-10-09 14:01:02,2
335,46,Genial,Ceci est un commentaire.,2023-12-30 23:59:14,2
266,79,A revoir,Ceci est un commentaire.,2023-12-22 10:18:23,3
400,11,Bof,Ceci est un commentaire.,2023-10-04 12:59:48,4
9,194,A revoir,Ceci est un commentaire.,2023-12-27 16:33:18,2
218,186,Genial,Ceci est un commentaire.,2023-12-09 03:29:26,4
77,138,Bof,Ceci est un commentaire.,2023-12-14 16:30:45,1
416,84,Bof,Ceci est un commentaire.,2023-12-20 01:17:54,1