id,id_utilisateur,id_application,date_emission,motif,status
1,445,129,2024-01-08 06:01:06,Ca ne marche pas,en attente
2,43,90,2023-06-16 19:58:33,Ca ne marche pas,en attente
3,167,67,2023-12-30 12:43:27,Ca ne marche pas,en attente
4,389,192,2024-01-03 07:09:29,Ca ne marche pas,en attente
5,92,95,2023-02-17 04:21:40,Ca ne marche pas,en attente
6,423,132,2023-12-17 03:35:33,Ca ne marche pas,en attente
7,67,131,2023-12-30 14:14:00,Ca ne marche pas,en attente
8,367,79,2023-11-20 04:49:29,Ca ne marche pas,en attente
9,204,81,2023-11-09 06:05:24,Ca ne marche pas,en attente
10,28,139,2023-12-04 03:03:43,Ca ne marche pas,en attente
11,363,87,2024-01-01 15:48:04,Ca ne marche pas,en attente
12,385,119,2023-07-19 21:38:37,Ca ne marche pas,en attente
13,204,81,2023-11-07 06:05:24,Ca ne marche pas,en attente
14,442,22,2022-10-04 22:34:15,Ca ne marche pas,en attente
15,469,121,2023-12-09 19:22:23,Ca ne marche pas,en attente
16,287,173,2024-01-10 04:21:07,Ca ne marche pas,en attente
17,83,55,2023-10-18 08:51:29,Ca ne marche pas,en attente
18,171,22,2023-12-10 07:56:19,Ca ne marche pas,en attente
19,225,27,2023-12-08 06:01:12,Ca ne marche pas,en attente
20,154,73,2023-12-08 13:59:28,Ca ne marche pas,en attente
21,277,72,2023-08-16 21:36:03,Ca ne marche pas,en attente
22,330,30,2023-12-08 14:57:48,Ca ne marche pas,en attente
23,25,20,2024-01-03 05:10:07,Ca ne marche pas,en attente
24,138,165,2023-11-24 04:38:56,Ca ne marche pas,en attente
25,108,126,2023-12-31 15:03:24,Ca ne marche pas,en attente
26,88,156,2023-07-31 13:48:03,Ca ne marche pas,en attente
27,205,189,2023-03-03 01:31:20,Ca ne marche pas,en attente
28,407,167,2024-01-02 20:00:16,Ca ne marche pas,en attente
29,146,168,2024-01-03 05:00:42,Ca ne marche pas,en attente
30,425,195,2023-10-30 03:59:49,Ca ne marche pas,en attente
31,269,29,2023-09-17 16:18:56,Ca ne marche pas,en attente
32,238,140,2023-05-26 23:42:32,Ca ne marche pas,en attente
33,77,189,2023-01-15 22:35:15,Ca ne marche pas,en attente
34,149,173,2024-01-01 10:56:19,Ca ne marche pas,en attente
35,220,48,2023-12-25 09:54:49,Ca ne marche pas,en attente
36,142,46,2024-01-04 15:45:04,Ca ne marche pas,en attente
37,167,120,2023-12-01 01:21:43,Ca ne marche pas,en attente
38,179,120,2023-11-18 02:36:12,Ca ne marche pas,en attente
39,424,20,2024-01-01 02:44:05,Ca ne marche pas,en attente
40,311,130,2023-11-18 15:30:00,Ca ne marche pas,en attente
41,164,5,2024-01-01 02:41:50,Ca ne marche pas,en attente
42,41,180,2024-01-01 18:46:51,Ca ne marche pas,en attente
43,390,4,2023-06-30 08:06:25,Ca ne marche pas,en attente
44,16,88,2023-11-14 11:05:39,Ca ne marche pas,en attente
45,100,85,2023-07-18 12:11:32,Ca ne marche pas,en attente
46,237,153,2023-11-10 09:36:43,Ca ne marche pas,en attente
47,77,17,2022-07-11 21:05:40,Ca ne marche pas,en attente
48,212,52,2023-10-07 15:02:57,Ca ne marche pas,en attente
49,43,93,2023-08-16 02:34:38,Ca ne marche pas,en attente
50,377,163,2024-01-08 00:23:01,Ca ne marche pas,en attente
51,123,126,2023-12-19 08:02:50,Ca ne marche pas,en attente
52,335,189,2023-11-19 03:51:29,Ca ne marche pas,en attente
53,355,4,2023-11-19 19:28:28,Ca ne marche pas,en attente
54,457,100,2023-12-22 11:12:28,Ca ne marche pas,en attente
55,167,120,2023-12-09 01:21:43,Ca ne marche pas,en attente
56,396,12,2023-04-04 12:14:52,Ca ne marche pas,en attente
57,189,142,2023-12-17 05:00:25,Ca ne marche pas,en attente
58,203,158,2023-09-23 21:34:45,Ca ne marche pas,en attente
59,448,95,2023-06-23 03:12:37,Ca ne marche pas,en attente
60,2,143,2024-01-05 19:33:19,Ca ne marche pas,en attente
61,309,113,2024-01-07 08:45:21,Ca ne marche pas,en attente
62,409,87,2024-01-03 11:10:44,Ca ne marche pas,en attente
63,362,80,2023-12-08 21:05:21,Ca ne marche pas,en attente
64,56,60,2023-05-30 04:49:52,Ca ne marche pas,en attente
65,80,159,2023-12-25 16:28:26,Ca ne marche pas,en attente
66,68,68,2023-12-05 03:33:03,Ca ne marche pas,en attente
67,411,121,2023-11-10 15:06:24,Ca ne marche pas,en attente
68,149,60,2023-10-11 19:50:17,Ca ne marche pas,en attente
69,28,139,2023-12-06 03:03:43,Ca ne marche pas,en attente
70,496,63,2023-12-28 19:35:52,Ca ne marche pas,en attente
71,337,78,2023-12-06 08:59:57,Ca ne marche pas,en attente
72,45,133,2024-01-06 05:37:57,Ca ne marche pas,en attente
73,235,133,2023-12-21 14:32:01,Ca ne marche pas,en attente
74,138,102,2023-08-11 17:38:07,Ca ne marche pas,en attente
75,201,130,2023-12-21 16:57:08,Ca ne marche pas,en attente
76,384,19,2023-11-20 20:53:36,Ca ne marche pas,en attente
77,35,139,2023-05-14 19:21:31,Ca ne marche pas,en attente
78,447,102,2023-10-04 12:42:44,Ca ne marche pas,en attente
79,238,12,2023-12-30 08:25:04,Ca ne marche pas,en attente
80,397,180,2023-12-22 23:52:39,Ca ne marche pas,en attente
81,191,147,2023-10-18 08:58:05,Ca ne marche pas,en attente
82,227,133,2023-12-13 17:21:08,Ca ne marche pas,en attente
83,167,96,2023-08-25 16:57:13,Ca ne marche pas,en attente
84,10,28,2023-08-01 07:17:50,Ca ne marche pas,en attente
85,355,90,2022-09-27 10:57:22,Ca ne marche pas,en attente
86,166,180,2023-12-11 22:59:03,Ca ne marche pas,en attente
87,13,106,2024-01-09 08:44:07,Ca ne marche pas,en attente
88,477,199,2023-12-30 01:05:09,Ca ne marche pas,en attente
89,186,136,2023-12-01 20:09:41,Ca ne marche pas,en attente
90,277,84,2023-12-13 08:55:54,Ca ne marche pas,en attente
91,196,152,2023-10-18 07:39:21,Ca ne marche pas,en attente
92,216,103,2023-10-23 03:11:30,Ca ne marche pas,en attente
93,211,15,2024-01-03 01:07:38,Ca ne marche pas,en attente
94,5,29,2023-12-11 07:09:28,Ca ne marche pas,en attente
95,149,155,2024-01-06 09:49:24,Ca ne marche pas,en attente
96,113,94,2023-10-29 10:58:07,Ca ne marche pas,en attente
97,307,143,2024-01-06 19:45:02,Ca ne marche pas,en attente
98,403,4,2023-07-06 18:55:53,Ca ne marche pas,en attente
99,311,130,2023-11-21 15:30:00,Ca ne marche pas,en attente
100,485,7,2023-12-21 02:38:16,Ca ne marche pas,en attente