pays,nom,mot_de_passe,email,date_creation,email_valide,date_naissance
Belgique,Camille Thomas 1,password123,camille.thomas1@orange.fr,2022-05-14 18:53:04,1,1973-12-09 17:09:11
USA,Nicolas Bernard 2,password123,nicolas.bernard2@yahoo.fr,2021-07-15 11:09:49,1,1987-04-25 09:13:12
Suisse,Lucas Bernard 3,password123,lucas.bernard3@hotmail.com,2021-03-10 20:20:02,1,2003-06-27 11:31:14
Belgique,Marie Thomas 4,password123,marie.thomas4@orange.fr,2023-03-15 11:04:32,1,1984-11-23 16:35:20
Belgique,Thomas Dubois 5,password123,thomas.dubois5@gmail.com,2021-09-19 12:39:32,1,1987-12-23 18:26:51
Belgique,Pierre Thomas 6,password123,pierre.thomas6@yahoo.fr,2020-01-20 12:56:24,1,1992-11-23 15:58:46
France,Lea Moreau 7,password123,lea.moreau7@yahoo.fr,2020-08-16 23:37:12,1,1998-07-30 23:12:25
France,Camille Moreau 8,password123,camille.moreau8@yahoo.fr,2020-03-11 02:05:06,1,1985-03-18 20:22:55
USA,Jean Thomas 9,password123,jean.thomas9@hotmail.com,2022-03-13 07:03:37,1,1999-09-26 10:48:43
Canada,Marie Durand 10,password123,marie.durand10@orange.fr,2023-05-16 23:34:02,1,1982-01-12 23:06:58
Canada,Jean Moreau 11,password123,jean.moreau11@gmail.com,2020-06-08 02:12:07,1,2000-01-11 07:48:56
Belgique,Jean Thomas 12,password123,jean.thomas12@orange.fr,2022-01-20 15:35:58,1,1978-09-11 00:39:22
Canada,Julie Durand 13,password123,julie.durand13@yahoo.fr,2023-04-24 19:33:07,1,1976-02-21 18:13:20
Belgique,Jean Martin 14,password123,jean.martin14@gmail.com,2021-04-08 15:42:17,1,1970-10-27 09:38:55
Canada,Lucas Martin 15,password123,lucas.martin15@gmail.com,2023-03-06 15:02:42,1,1981-12-15 20:29:15
Canada,Lea Moreau 16,password123,lea.moreau16@hotmail.com,2022-03-19 10:03:53,1,2003-03-20 12:47:50
Suisse,Pierre Durand 17,password123,pierre.durand17@gmail.com,2023-07-07 04:40:37,1,1987-11-07 01:32:08
France,Camille Dubois 18,password123,camille.dubois18@gmail.com,2020-12-19 07:18:59,1,1973-04-05 06:44:43
USA,Sophie Thomas 19,password123,sophie.thomas19@gmail.com,2022-10-09 13:46:56,1,1971-01-23 14:40:42
France,Lea Dubois 20,password123,lea.dubois20@orange.fr,2023-05-01 04:31:40,1,1998-10-03 13:35:37
Suisse,Jean Leroy 21,password123,jean.leroy21@orange.fr,2021-12-18 03:33:46,1,1981-05-04 11:15:29
France,Marie Richard 22,password123,marie.richard22@orange.fr,2023-06-18 09:16:58,1,1981-09-19 23:40:27
France,Marie Bernard 23,password123,marie.bernard23@hotmail.com,2021-08-22 22:39:15,1,1984-05-14 02:35:31
Suisse,Marie Durand 24,password123,marie.durand24@orange.fr,2022-01-23 23:31:02,1,1986-09-25 19:50:18
USA,Julie Moreau 25,password123,julie.moreau25@orange.fr,2023-09-03 13:12:59,1,1988-03-15 01:25:58
France,Julie Petit 26,password123,julie.petit26@gmail.com,2020-02-10 04:49:55,1,1993-05-13 14:31:51
Suisse,Marie Dubois 27,password123,marie.dubois27@yahoo.fr,2022-06-22 00:01:00,1,1970-01-25 14:38:47
Belgique,Marie Leroy 28,password123,marie.leroy28@orange.fr,2023-11-24 03:03:43,1,1990-09-24 09:26:16
Canada,Pierre Bernard 29,password123,pierre.bernard29@yahoo.fr,2020-04-22 22:38:44,1,1982-06-04 14:12:31
Canada,Sophie Bernard 30,password123,sophie.bernard30@orange.fr,2020-07-24 08:32:40,1,2003-09-09 16:57:23
Canada,Jean Durand 31,password123,jean.durand31@gmail.com,2020-05-11 15:25:42,1,1982-05-08 19:57:04
Suisse,Thomas Petit 32,password123,thomas.petit32@orange.fr,2022-05-31 18:43:17,1,1974-08-20 22:33:02
Canada,Julie Petit 33,password123,julie.petit33@yahoo.fr,2021-04-11 14:49:48,1,1975-10-11 17:30:43
USA,Camille Martin 34,password123,camille.martin34@orange.fr,2020-04-18 09:41:15,1,1973-02-11 13:59:36
Canada,Jean Leroy 35,password123,jean.leroy35@gmail.com,2023-05-01 19:21:31,1,1983-02-19 09:02:24
USA,Julie Leroy 36,password123,julie.leroy36@gmail.com,2021-10-01 00:19:32,1,1991-09-21 17:21:03
Suisse,Nicolas Bernard 37,password123,nicolas.bernard37@gmail.com,2021-06-25 23:11:22,1,1977-12-02 07:20:19
Canada,Pierre Richard 38,password123,pierre.richard38@hotmail.com,2023-11-02 12:15:07,1,1998-02-21 00:59:15
Belgique,Camille Durand 39,password123,camille.durand39@gmail.com,2023-09-10 15:56:31,1,1981-05-17 10:14:31
USA,Camille Dubois 40,password123,camille.dubois40@orange.fr,2021-03-08 00:06:22,1,1982-10-11 01:48:39
Canada,Lea Martin 41,password123,lea.martin41@gmail.com,2021-07-12 06:51:19,1,1977-11-22 17:06:28
France,Sophie Richard 42,password123,sophie.richard42@yahoo.fr,2022-01-05 06:29:33,1,1997-10-30 19:59:32
France,Camille Bernard 43,password123,camille.bernard43@gmail.com,2022-02-10 00:45:20,1,2000-01-01 19:06:27
Suisse,Lucas Moreau 44,password123,lucas.moreau44@orange.fr,2021-11-04 14:51:08,1,2001-03-28 01:25:16
Canada,Camille Moreau 45,password123,camille.moreau45@yahoo.fr,2022-01-03 23:28:37,1,1985-03-13 13:38:51
Suisse,Camille Durand 46,password123,camille.durand46@gmail.com,2021-07-30 14:15:24,1,1999-01-11 12:11:37
Canada,Marie Moreau 47,password123,marie.moreau47@yahoo.fr,2021-12-27 15:36:17,1,1971-12-10 23:21:33
Belgique,Marie Robert 48,password123,marie.robert48@gmail.com,2023-08-03 03:45:08,1,1980-01-22 10:43:39
USA,Thomas Thomas 49,password123,thomas.thomas49@hotmail.com,2020-08-07 20:36:41,1,1984-03-02 14:38:20
Suisse,Nicolas Dubois 50,password123,nicolas.dubois50@yahoo.fr,2022-04-22 19:56:25,1,1982-11-16 20:37:02
Belgique,Lucas Moreau 51,password123,lucas.moreau51@yahoo.fr,2021-10-15 15:22:21,1,1974-03-06 16:50:34
France,Pierre Petit 52,password123,pierre.petit52@hotmail.com,2021-07-31 06:39:23,1,1991-08-16 11:39:40
Canada,Sophie Durand 53,password123,sophie.durand53@hotmail.com,2022-04-25 08:30:08,1,1985-03-29 18:44:08
Belgique,Lucas Leroy 54,password123,lucas.leroy54@yahoo.fr,2022-09-01 09:16:07,1,1973-08-17 10:17:32
Canada,Sophie Dubois 55,password123,sophie.dubois55@orange.fr,2023-07-07 17:18:34,1,2002-12-23 09:39:45
Suisse,Jean Leroy 56,password123,jean.leroy56@hotmail.com,2020-10-13 09:51:52,1,1988-12-29 06:38:13
Suisse,Camille Richard 57,password123,camille.richard57@hotmail.com,2023-03-18 14:40:20,1,1993-04-10 16:46:59
Belgique,Marie Robert 58,password123,marie.robert58@orange.fr,2023-07-11 08:54:33,1,1991-01-10 07:30:26
France,Lucas Dubois 59,password123,lucas.dubois59@gmail.com,2020-07-18 02:30:05,1,1983-11-17 11:23:55
Belgique,Jean Martin 60,password123,jean.martin60@orange.fr,2021-08-13 22:05:25,1,1971-04-06 01:26:59
Suisse,Julie Thomas 61,password123,julie.thomas61@orange.fr,2022-08-20 23:57:57,1,1997-08-02 17:22:54
Canada,Jean Petit 62,password123,jean.petit62@yahoo.fr,2021-07-30 13:57:41,1,1970-05-01 00:03:09
Canada,Lea Petit 63,password123,lea.petit63@orange.fr,2020-03-12 23:39:49,1,2000-07-26 21:54:27
France,Thomas Durand 64,password123,thomas.durand64@hotmail.com,2021-10-05 03:42:31,1,1971-09-13 20:51:32
USA,Pierre Durand 65,password123,pierre.durand65@orange.fr,2023-05-03 17:59:58,1,2001-12-07 03:11:09
Canada,Lucas Robert 66,password123,lucas.robert66@hotmail.com,2022-01-27 04:38:17,1,1981-06-01 08:42:50
USA,Lea Leroy 67,password123,lea.leroy67@hotmail.com,2021-06-12 07:50:16,1,2000-07-29 22:49:53
Canada,Pierre Dubois 68,password123,pierre.dubois68@hotmail.com,2021-05-20 00:54:41,1,1977-01-30 10:36:51
Belgique,Sophie Dubois 69,password123,sophie.dubois69@hotmail.com,2023-11-26 14:47:50,1,1981-03-22 15:54:43
France,Lucas Dubois 70,password123,lucas.dubois70@orange.fr,2022-12-08 16:20:09,1,1986-05-12 08:54:56
Belgique,Marie Martin 71,password123,marie.martin71@gmail.com,2023-04-10 06:35:25,1,1988-10-19 13:07:25
Suisse,Pierre Thomas 72,password123,pierre.thomas72@orange.fr,2022-02-12 21:53:16,1,2002-02-15 03:24:12
Canada,Lucas Martin 73,password123,lucas.martin73@orange.fr,2021-12-23 19:23:29,1,1984-10-10 05:11:22
USA,Lucas Thomas 74,password123,lucas.thomas74@gmail.com,2023-02-08 01:59:40,1,1998-08-01 09:42:14
Canada,Camille Durand 75,password123,camille.durand75@orange.fr,2021-12-06 16:13:45,1,1970-02-09 05:13:36
Suisse,Thomas Bernard 76,password123,thomas.bernard76@orange.fr,2022-12-13 18:35:29,1,1992-05-26 10:18:15
Canada,Nicolas Thomas 77,password123,nicolas.thomas77@hotmail.com,2020-03-07 19:41:59,1,1971-08-21 21:13:34
USA,Nicolas Bernard 78,password123,nicolas.bernard78@orange.fr,2023-06-10 18:36:25,1,1992-04-12 10:14:48
Belgique,Sophie Robert 79,password123,sophie.robert79@hotmail.com,2021-03-16 13:57:05,1,1979-05-22 23:55:17
USA,Sophie Moreau 80,password123,sophie.moreau80@orange.fr,2023-03-31 09:41:32,1,1982-09-16 22:56:13
Belgique,Thomas Durand 81,password123,thomas.durand81@yahoo.fr,2021-11-08 05:23:17,1,1978-04-19 13:57:17
France,Jean Bernard 82,password123,jean.bernard82@gmail.com,2020-09-20 04:18:04,1,1974-08-15 13:26:27
Suisse,Jean Richard 83,password123,jean.richard83@orange.fr,2021-02-24 11:25:10,1,1971-05-10 18:17:14
USA,Lucas Leroy 84,password123,lucas.leroy84@orange.fr,2022-07-27 19:32:17,1,1985-05-18 17:03:44
France,Julie Thomas 85,password123,julie.thomas85@yahoo.fr,2021-08-29 01:20:43,1,1973-11-20 20:27:55
Belgique,Julie Petit 86,password123,julie.petit86@orange.fr,2022-11-20 16:30:31,1,2001-09-26 19:02:18
Canada,Lucas Petit 87,password123,lucas.petit87@orange.fr,2023-12-04 10:58:09,1,1987-04-07 12:38:57
Belgique,Nicolas Durand 88,password123,nicolas.durand88@gmail.com,2020-12-01 22:54:04,1,1974-03-23 10:19:52
Canada,Jean Thomas 89,password123,jean.thomas89@hotmail.com,2023-07-22 15:10:20,1,1980-06-29 15:41:27
Belgique,Lea Richard 90,password123,lea.richard90@yahoo.fr,2022-12-20 15:43:54,1,1975-05-04 18:07:44
USA,Nicolas Martin 91,password123,nicolas.martin91@yahoo.fr,2020-02-27 06:31:03,1,1985-03-02 07:12:33
Belgique,Julie Bernard 92,password123,julie.bernard92@gmail.com,2020-08-19 11:06:02,1,1972-12-26 10:16:04
Belgique,Camille Martin 93,password123,camille.martin93@gmail.com,2023-02-25 01:52:45,1,2002-12-01 17:53:43
USA,Pierre Robert 94,password123,pierre.robert94@yahoo.fr,2023-11-18 03:30:57,1,1975-12-02 12:59:36
Canada,Marie Thomas 95,password123,marie.thomas95@gmail.com,2020-08-22 17:19:12,1,1986-08-31 18:41:06
Canada,Pierre Martin 96,password123,pierre.martin96@gmail.com,2022-08-30 17:09:39,1,1984-08-17 03:39:48
Suisse,Thomas Robert 97,password123,thomas.robert97@gmail.com,2023-06-22 05:31:13,1,1990-09-02 05:01:05
USA,Marie Martin 98,password123,marie.martin98@yahoo.fr,2023-12-04 21:45:20,1,1993-03-01 02:35:06
Belgique,Nicolas Dubois 99,password123,nicolas.dubois99@orange.fr,2020-08-25 10:45:30,1,1984-07-10 07:18:24
France,Sophie Richard 100,password123,sophie.richard100@yahoo.fr,2021-07-16 04:06:52,1,1998-05-22 00:25:51
USA,Nicolas Robert 101,password123,nicolas.robert101@hotmail.com,2022-10-13 11:14:28,1,1997-10-28 10:46:17
Canada,Thomas Dubois 102,password123,thomas.dubois102@yahoo.fr,2022-08-22 10:30:51,1,1987-08-25 18:13:37
Canada,Lea Dubois 103,password123,lea.dubois103@yahoo.fr,2023-04-02 07:43:28,1,2003-08-22 11:59:35
Canada,Nicolas Petit 104,password123,nicolas.petit104@yahoo.fr,2021-02-26 02:20:58,1,1982-12-14 17:03:45
France,Sophie Bernard 105,password123,sophie.bernard105@gmail.com,2020-06-16 19:15:18,1,1999-02-28 22:29:32
USA,Lucas Thomas 106,password123,lucas.thomas106@yahoo.fr,2020-05-30 01:09:15,1,1980-10-06 01:37:02
USA,Pierre Durand 107,password123,pierre.durand107@orange.fr,2020-04-06 00:44:42,1,1988-06-18 16:51:49
France,Lucas Martin 108,password123,lucas.martin108@gmail.com,2020-06-07 09:53:17,1,1981-06-21 05:20:29
Suisse,Lea Martin 109,password123,lea.martin109@gmail.com,2021-09-02 02:12:06,1,1997-07-07 07:32:08
Suisse,Jean Martin 110,password123,jean.martin110@yahoo.fr,2023-04-30 01:59:35,1,1980-10-06 18:38:39
Belgique,Sophie Dubois 111,password123,sophie.dubois111@gmail.com,2023-10-31 17:54:51,1,1987-11-30 21:00:44
Suisse,Sophie Richard 112,password123,sophie.richard112@gmail.com,2021-01-01 04:22:59,1,1973-07-11 11:09:34
USA,Sophie Bernard 113,password123,sophie.bernard113@orange.fr,2021-05-24 04:49:53,1,1990-01-15 09:57:59
Belgique,Lea Robert 114,password123,lea.robert114@hotmail.com,2023-03-06 12:23:33,1,1987-05-26 06:12:45
Belgique,Marie Robert 115,password123,marie.robert115@gmail.com,2022-11-02 04:10:59,1,1989-02-25 14:31:40
Canada,Lucas Thomas 116,password123,lucas.thomas116@gmail.com,2022-12-21 17:12:07,1,1977-12-06 15:41:04
Belgique,Marie Petit 117,password123,marie.petit117@orange.fr,2022-01-07 19:06:05,1,2000-01-13 17:06:31
Suisse,Jean Moreau 118,password123,jean.moreau118@yahoo.fr,2020-06-23 14:07:15,1,1991-03-27 07:43:59
Suisse,Marie Dubois 119,password123,marie.dubois119@orange.fr,2023-02-25 03:43:48,1,1972-08-30 13:54:36
USA,Jean Martin 120,password123,jean.martin120@orange.fr,2022-02-17 03:29:06,1,1984-07-31 21:55:08
USA,Marie Moreau 121,password123,marie.moreau121@hotmail.com,2021-10-09 16:35:50,1,1989-03-04 08:52:24
Suisse,Marie Moreau 122,password123,marie.moreau122@gmail.com,2022-12-14 16:27:34,1,1979-05-16 10:21:33
Belgique,Jean Moreau 123,password123,jean.moreau123@hotmail.com,2022-05-21 05:53:33,1,1993-04-29 15:04:42
USA,Marie Bernard 124,password123,marie.bernard124@hotmail.com,2023-05-20 02:13:26,1,2004-05-19 02:42:04
Canada,Jean Thomas 125,password123,jean.thomas125@yahoo.fr,2023-01-17 09:21:49,1,1999-05-18 17:54:24
France,Thomas Durand 126,password123,thomas.durand126@gmail.com,2021-12-28 10:25:37,1,1989-05-27 22:01:04
USA,Julie Thomas 127,password123,julie.thomas127@yahoo.fr,2022-01-07 10:44:14,1,2000-07-10 09:09:46
Canada,Pierre Leroy 128,password123,pierre.leroy128@orange.fr,2021-05-15 13:55:51,1,2002-12-27 14:28:18
France,Marie Richard 129,password123,marie.richard129@yahoo.fr,2021-06-29 18:37:32,1,1990-07-11 02:09:34
France,Pierre Richard 130,password123,pierre.richard130@orange.fr,2022-08-16 17:03:13,1,1982-10-29 15:08:44
Canada,Thomas Richard 131,password123,thomas.richard131@orange.fr,2022-05-01 16:45:40,1,1987-01-22 19:17:38
France,Nicolas Durand 132,password123,nicolas.durand132@gmail.com,2023-08-15 15:38:36,1,1971-02-03 22:46:14
USA,Marie Durand 133,password123,marie.durand133@hotmail.com,2023-09-11 05:46:10,1,1973-04-10 01:02:29
Suisse,Marie Petit 134,password123,marie.petit134@gmail.com,2023-03-09 20:45:35,1,1987-11-28 20:55:26
Canada,Lucas Richard 135,password123,lucas.richard135@orange.fr,2022-07-17 03:58:45,1,1999-07-07 15:09:11
Belgique,Thomas Petit 136,password123,thomas.petit136@hotmail.com,2020-08-19 03:35:06,1,1992-11-19 09:51:26
Belgique,Pierre Petit 137,password123,pierre.petit137@yahoo.fr,2023-03-08 16:42:21,1,1981-04-22 13:32:10
Suisse,Nicolas Durand 138,password123,nicolas.durand138@gmail.com,2021-06-07 09:10:11,1,1972-07-17 12:24:39
Canada,Camille Martin 139,password123,camille.martin139@hotmail.com,2020-12-22 08:19:09,1,1987-01-07 10:35:00
Belgique,Marie Richard 140,password123,marie.richard140@gmail.com,2021-02-15 06:43:09,1,1979-07-05 09:05:25
Belgique,Thomas Petit 141,password123,thomas.petit141@orange.fr,2023-08-09 05:18:46,1,1980-09-19 16:41:26
France,Thomas Richard 142,password123,thomas.richard142@yahoo.fr,2020-11-25 16:43:42,1,1995-04-28 09:25:51
France,Sophie Bernard 143,password123,sophie.bernard143@gmail.com,2020-02-15 14:33:42,1,1996-06-25 00:31:50
Canada,Nicolas Thomas 144,password123,nicolas.thomas144@orange.fr,2022-12-25 15:28:19,1,1988-08-14 02:10:04
USA,Sophie Richard 145,password123,sophie.richard145@yahoo.fr,2020-11-24 13:25:26,1,1997-08-12 22:28:16
France,Thomas Robert 146,password123,thomas.robert146@orange.fr,2020-07-30 22:15:29,1,1998-11-02 13:55:08
Canada,Jean Dubois 147,password123,jean.dubois147@gmail.com,2020-04-04 00:08:58,1,1998-12-12 09:52:46
USA,Sophie Durand 148,password123,sophie.durand148@gmail.com,2021-11-05 21:51:25,1,1997-11-26 08:09:29
Belgique,Marie Moreau 149,password123,marie.moreau149@orange.fr,2022-07-09 22:19:40,1,1996-07-09 06:00:22
Belgique,Lea Bernard 150,password123,lea.bernard150@hotmail.com,2022-10-07 12:39:31,1,1985-10-19 02:49:51
Suisse,Camille Thomas 151,password123,camille.thomas151@gmail.com,2020-02-24 05:20:18,1,1985-08-12 03:43:30
USA,Nicolas Richard 152,password123,nicolas.richard152@orange.fr,2023-08-20 11:24:57,1,1981-06-11 10:21:08
USA,Pierre Richard 153,password123,pierre.richard153@orange.fr,2020-03-03 04:38:09,1,1984-06-21 10:40:39
Canada,Lea Thomas 154,password123,lea.thomas154@yahoo.fr,2022-06-28 08:54:05,1,1988-04-22 02:27:20
Suisse,Julie Moreau 155,password123,julie.moreau155@yahoo.fr,2023-10-25 20:05:35,1,1989-06-01 09:42:35
USA,Lea Richard 156,password123,lea.richard156@orange.fr,2022-01-23 06:15:58,1,1976-12-15 17:09:20
USA,Lea Petit 157,password123,lea.petit157@gmail.com,2020-11-01 13:20:37,1,1980-07-17 01:43:16
Suisse,Nicolas Moreau 158,password123,nicolas.moreau158@hotmail.com,2023-04-04 17:59:44,1,1997-10-24 08:41:29
USA,Lucas Durand 159,password123,lucas.durand159@gmail.com,2021-05-24 03:02:38,1,1984-05-05 02:15:31
Canada,Lucas Robert 160,password123,lucas.robert160@hotmail.com,2020-09-04 11:06:29,1,1991-06-14 14:56:18
Belgique,Julie Dubois 161,password123,julie.dubois161@hotmail.com,2023-02-26 09:08:56,1,1997-04-20 08:56:40
Canada,Pierre Bernard 162,password123,pierre.bernard162@hotmail.com,2020-07-08 16:11:38,1,1986-07-01 15:54:58
France,Camille Leroy 163,password123,camille.leroy163@gmail.com,2022-04-11 21:30:12,1,1979-04-29 00:37:50
USA,Marie Martin 164,password123,marie.martin164@orange.fr,2022-08-24 13:05:21,1,1993-12-24 04:49:00
Canada,Jean Durand 165,password123,jean.durand165@yahoo.fr,2020-12-08 16:13:37,1,1983-10-26 14:40:43
Belgique,Thomas Moreau 166,password123,thomas.moreau166@gmail.com,2020-11-24 19:26:24,1,1990-04-04 03:36:42
France,Lea Martin 167,password123,lea.martin167@yahoo.fr,2023-08-12 16:57:13,1,1978-04-01 11:17:48
Suisse,Nicolas Martin 168,password123,nicolas.martin168@gmail.com,2023-09-06 08:18:15,1,1989-05-20 16:01:05
Belgique,Lea Leroy 169,password123,lea.leroy169@yahoo.fr,2020-07-16 18:36:54,1,1983-02-17 07:48:41
Belgique,Marie Robert 170,password123,marie.robert170@gmail.com,2020-03-06 19:31:55,1,2002-08-22 18:55:49
Belgique,Sophie Leroy 171,password123,sophie.leroy171@yahoo.fr,2020-05-21 21:41:26,1,1985-01-02 11:28:57
USA,Camille Leroy 172,password123,camille.leroy172@yahoo.fr,2022-03-12 00:05:06,1,2001-02-01 07:24:17
USA,Lucas Bernard 173,password123,lucas.bernard173@yahoo.fr,2023-08-13 18:26:26,1,2000-06-04 18:38:02
USA,Pierre Thomas 174,password123,pierre.thomas174@gmail.com,2020-04-05 05:48:10,1,1987-05-31 16:32:14
Belgique,Marie Robert 175,password123,marie.robert175@gmail.com,2020-05-08 21:08:38,1,1994-09-09 18:25:33
Suisse,Julie Durand 176,password123,julie.durand176@yahoo.fr,2021-12-22 15:01:57,1,1980-11-08 14:09:49
USA,Marie Robert 177,password123,marie.robert177@orange.fr,2022-01-23 04:15:40,1,1997-06-12 03:55:35
France,Jean Moreau 178,password123,jean.moreau178@hotmail.com,2021-11-24 08:09:37,1,1988-11-02 13:07:08
Belgique,Camille Richard 179,password123,camille.richard179@yahoo.fr,2020-11-24 02:53:21,1,1980-01-18 06:59:53
Suisse,Nicolas Moreau 180,password123,nicolas.moreau180@hotmail.com,2023-04-07 01:11:54,1,1975-02-12 23:54:18
Suisse,Thomas Richard 181,password123,thomas.richard181@yahoo.fr,2023-05-27 18:27:38,1,1989-11-19 04:43:20
Suisse,Nicolas Thomas 182,password123,nicolas.thomas182@hotmail.com,2023-02-22 05:37:40,1,1980-10-26 16:49:25
Suisse,Jean Dubois 183,password123,jean.dubois183@gmail.com,2022-07-01 14:29:37,1,1984-08-10 21:39:14
Belgique,Nicolas Dubois 184,password123,nicolas.dubois184@gmail.com,2022-03-04 13:10:27,1,1977-05-08 09:44:39
Canada,Julie Leroy 185,password123,julie.leroy185@hotmail.com,2022-08-29 21:54:44,1,2000-06-08 13:43:04
Suisse,Sophie Martin 186,password123,sophie.martin186@orange.fr,2023-05-11 22:03:25,1,1977-03-08 04:12:24
USA,Pierre Moreau 187,password123,pierre.moreau187@hotmail.com,2021-01-17 06:51:22,1,1977-03-01 16:38:12
Canada,Lea Dubois 188,password123,lea.dubois188@gmail.com,2023-12-19 05:30:10,1,2004-09-13 17:30:47
Suisse,Julie Petit 189,password123,julie.petit189@hotmail.com,2020-08-29 15:50:33,1,1998-08-24 16:45:07
Belgique,Sophie Martin 190,password123,sophie.martin190@yahoo.fr,2020-01-17 18:55:30,1,1996-02-03 01:55:04
France,Marie Martin 191,password123,marie.martin191@orange.fr,2020-09-01 05:38:19,1,1996-01-07 04:36:03
Belgique,Marie Petit 192,password123,marie.petit192@yahoo.fr,2023-11-06 00:17:31,1,1989-03-30 02:25:20
Belgique,Marie Durand 193,password123,marie.durand193@hotmail.com,2023-08-01 14:55:53,1,1980-08-25 09:23:33
USA,Pierre Richard 194,password123,pierre.richard194@hotmail.com,2023-11-06 19:29:39,1,1976-07-14 08:55:40
Canada,Thomas Bernard 195,password123,thomas.bernard195@hotmail.com,2023-12-08 11:24:59,1,2001-02-08 01:59:17
USA,Lea Leroy 196,password123,lea.leroy196@hotmail.com,2022-10-21 12:20:09,1,1996-08-23 06:28:07
USA,Jean Martin 197,password123,jean.martin197@orange.fr,2021-10-03 14:05:22,1,1988-11-08 15:19:53
Belgique,Lea Durand 198,password123,lea.durand198@orange.fr,2021-01-29 22:57:14,1,1983-02-12 16:47:34
USA,Marie Leroy 199,password123,marie.leroy199@hotmail.com,2023-04-27 11:08:43,1,1995-02-20 13:54:40
Belgique,Pierre Petit 200,password123,pierre.petit200@yahoo.fr,2021-08-03 11:58:39,1,1983-09-10 23:23:55
USA,Jean Bernard 201,password123,jean.bernard201@yahoo.fr,2021-06-03 18:38:03,1,1981-07-28 10:09:58
Belgique,Nicolas Petit 202,password123,nicolas.petit202@gmail.com,2022-08-12 13:23:14,1,1991-02-18 04:21:34
Suisse,Nicolas Leroy 203,password123,nicolas.leroy203@hotmail.com,2023-09-14 21:34:45,1,1996-12-13 16:44:02
Suisse,Jean Dubois 204,password123,jean.dubois204@hotmail.com,2022-01-10 01:55:11,1,1989-11-05 00:18:13
France,Nicolas Leroy 205,password123,nicolas.leroy205@gmail.com,2020-12-05 23:20:40,1,1986-01-07 17:24:57
Suisse,Jean Robert 206,password123,jean.robert206@yahoo.fr,2020-07-29 12:48:17,1,1987-03-26 02:00:25
Canada,Lea Martin 207,password123,lea.martin207@gmail.com,2022-03-06 06:28:54,1,2000-02-14 20:22:42
Suisse,Nicolas Richard 208,password123,nicolas.richard208@gmail.com,2022-12-09 00:09:06,1,2004-07-20 02:03:33
Canada,Camille Bernard 209,password123,camille.bernard209@orange.fr,2023-01-10 03:03:23,1,1985-01-03 06:24:18
France,Sophie Martin 210,password123,sophie.martin210@orange.fr,2023-10-18 21:31:01,1,1986-08-31 11:08:54
Suisse,Lucas Robert 211,password123,lucas.robert211@hotmail.com,2022-03-08 21:45:53,1,1985-04-13 11:03:43
France,Camille Robert 212,password123,camille.robert212@yahoo.fr,2022-05-23 01:23:04,1,1993-09-08 20:28:59
USA,Sophie Moreau 213,password123,sophie.moreau213@hotmail.com,2021-06-23 03:26:07,1,1970-07-23 02:58:49
France,Camille Thomas 214,password123,camille.thomas214@orange.fr,2020-12-11 16:01:55,1,1987-10-22 18:08:01
Belgique,Nicolas Durand 215,password123,nicolas.durand215@orange.fr,2021-10-02 15:42:24,1,1980-12-08 04:07:23
USA,Pierre Robert 216,password123,pierre.robert216@yahoo.fr,2021-08-18 13:06:31,1,1988-05-03 12:26:07
USA,Lucas Petit 217,password123,lucas.petit217@gmail.com,2023-01-24 04:39:50,1,1989-06-01 20:40:42
France,Lucas Robert 218,password123,lucas.robert218@orange.fr,2023-08-16 06:52:48,1,1971-11-01 11:22:55
Suisse,Thomas Robert 219,password123,thomas.robert219@hotmail.com,2021-08-01 00:06:26,1,1997-10-19 06:27:46
Suisse,Marie Bernard 220,password123,marie.bernard220@hotmail.com,2020-05-24 09:18:19,1,1975-01-21 12:37:24
Suisse,Thomas Petit 221,password123,thomas.petit221@orange.fr,2020-03-06 04:14:40,1,1999-09-09 09:35:01
Belgique,Lea Dubois 222,password123,lea.dubois222@gmail.com,2021-06-08 03:08:27,1,1991-11-12 06:46:54
Suisse,Camille Richard 223,password123,camille.richard223@orange.fr,2021-06-17 16:46:18,1,1990-10-31 14:39:25
France,Jean Dubois 224,password123,jean.dubois224@gmail.com,2022-07-08 16:17:25,1,1991-10-27 03:12:28
Canada,Julie Leroy 225,password123,julie.leroy225@hotmail.com,2021-01-25 13:46:39,1,1997-03-17 10:16:33
Suisse,Thomas Leroy 226,password123,thomas.leroy226@yahoo.fr,2020-11-27 09:18:14,1,1989-01-29 14:48:29
Canada,Lucas Bernard 227,password123,lucas.bernard227@gmail.com,2023-07-27 07:49:56,1,1977-10-03 17:29:39
Canada,Thomas Robert 228,password123,thomas.robert228@hotmail.com,2022-11-12 06:16:51,1,2002-09-24 04:41:48
Belgique,Nicolas Durand 229,password123,nicolas.durand229@gmail.com,2021-07-28 03:06:32,1,2004-01-02 03:39:38
Suisse,Lea Moreau 230,password123,lea.moreau230@gmail.com,2022-08-03 19:08:54,1,1975-08-02 16:27:57
Suisse,Nicolas Moreau 231,password123,nicolas.moreau231@orange.fr,2022-06-10 02:22:03,1,1989-06-30 11:20:23
Suisse,Nicolas Bernard 232,password123,nicolas.bernard232@gmail.com,2021-07-11 05:41:34,1,1997-02-28 14:14:02
Suisse,Julie Dubois 233,password123,julie.dubois233@orange.fr,2020-05-30 16:47:29,1,1998-12-06 21:49:27
Canada,Lucas Moreau 234,password123,lucas.moreau234@hotmail.com,2020-09-14 15:54:29,1,1976-11-09 11:49:59
USA,Julie Robert 235,password123,julie.robert235@gmail.com,2020-01-06 20:52:25,1,1997-05-03 08:53:31
France,Jean Leroy 236,password123,jean.leroy236@hotmail.com,2021-04-15 14:45:06,1,1995-08-22 04:38:31
Suisse,Marie Petit 237,password123,marie.petit237@yahoo.fr,2021-09-21 11:59:17,1,1986-03-31 10:33:53
Canada,Camille Robert 238,password123,camille.robert238@gmail.com,2022-12-04 05:22:14,1,1981-07-09 11:32:13
Canada,Pierre Petit 239,password123,pierre.petit239@gmail.com,2021-09-30 01:20:15,1,2001-09-23 00:17:35
France,Thomas Thomas 240,password123,thomas.thomas240@gmail.com,2020-01-05 10:10:51,1,2003-01-06 20:37:09
Belgique,Sophie Leroy 241,password123,sophie.leroy241@hotmail.com,2023-10-30 13:30:50,1,1984-03-24 15:48:22
Belgique,Lucas Robert 242,password123,lucas.robert242@gmail.com,2023-04-13 04:11:35,1,1997-05-30 21:13:21
Suisse,Sophie Thomas 243,password123,sophie.thomas243@yahoo.fr,2021-08-10 17:34:08,1,1987-02-09 06:08:16
USA,Jean Moreau 244,password123,jean.moreau244@gmail.com,2021-09-28 16:58:10,1,1994-10-20 04:26:08
Canada,Sophie Robert 245,password123,sophie.robert245@orange.fr,2021-06-27 12:51:20,1,1981-11-14 21:02:57
USA,Jean Leroy 246,password123,jean.leroy246@yahoo.fr,2023-03-15 04:26:55,1,1983-08-04 19:38:01
Belgique,Lea Robert 247,password123,lea.robert247@yahoo.fr,2021-06-19 14:55:47,1,1995-06-18 21:51:19
Belgique,Thomas Robert 248,password123,thomas.robert248@hotmail.com,2020-11-18 09:55:52,1,1974-07-02 19:27:59
France,Thomas Dubois 249,password123,thomas.dubois249@orange.fr,2023-08-06 23:46:05,1,1977-09-29 20:22:14
USA,Nicolas Dubois 250,password123,nicolas.dubois250@hotmail.com,2022-10-06 11:50:22,1,1988-12-29 17:49:02
Canada,Lea Bernard 251,password123,lea.bernard251@yahoo.fr,2021-04-29 18:58:07,1,1972-08-17 01:42:07
Canada,Camille Thomas 252,password123,camille.thomas252@hotmail.com,2023-02-10 18:17:20,1,1974-12-01 08:40:52
USA,Sophie Dubois 253,password123,sophie.dubois253@gmail.com,2020-05-13 07:57:35,1,1986-12-15 18:29:05
Belgique,Jean Martin 254,password123,jean.martin254@gmail.com,2020-05-06 17:32:15,1,1974-10-16 22:35:50
USA,Lucas Leroy 255,password123,lucas.leroy255@yahoo.fr,2021-02-20 23:18:37,1,2000-08-14 20:09:28
Suisse,Lea Durand 256,password123,lea.durand256@orange.fr,2023-05-21 12:13:16,1,1985-02-06 16:42:53
Suisse,Julie Thomas 257,password123,julie.thomas257@orange.fr,2022-06-10 06:23:56,1,1994-03-04 13:24:15
France,Julie Bernard 258,password123,julie.bernard258@yahoo.fr,2023-01-04 15:46:38,1,1997-11-18 10:42:09
Suisse,Lea Richard 259,password123,lea.richard259@gmail.com,2021-08-01 07:40:08,1,1985-12-01 04:10:05
Canada,Lea Leroy 260,password123,lea.leroy260@yahoo.fr,2022-02-21 10:14:17,1,1973-07-09 20:19:57
USA,Sophie Dubois 261,password123,sophie.dubois261@yahoo.fr,2022-12-17 12:42:42,1,1986-06-06 20:43:54
Canada,Julie Leroy 262,password123,julie.leroy262@gmail.com,2023-08-01 15:26:41,1,1999-06-21 15:31:27
France,Thomas Thomas 263,password123,thomas.thomas263@orange.fr,2022-09-05 07:30:33,1,1992-01-24 13:26:59
USA,Sophie Martin 264,password123,sophie.martin264@orange.fr,2023-07-12 12:26:07,1,1972-12-11 01:46:41
Suisse,Thomas Leroy 265,password123,thomas.leroy265@gmail.com,2022-05-27 22:44:16,1,1977-04-04 08:03:31
Belgique,Nicolas Thomas 266,password123,nicolas.thomas266@hotmail.com,2023-06-01 12:34:50,1,1999-10-16 12:16:33
Belgique,Lucas Richard 267,password123,lucas.richard267@yahoo.fr,2022-09-21 03:39:56,1,1987-03-30 11:31:36
USA,Sophie Leroy 268,password123,sophie.leroy268@yahoo.fr,2022-07-28 08:17:10,1,1985-05-12 02:39:31
Belgique,Nicolas Dubois 269,password123,nicolas.dubois269@orange.fr,2020-07-12 22:55:36,1,1976-11-21 22:05:31
Canada,Lucas Martin 270,password123,lucas.martin270@gmail.com,2020-07-12 21:28:50,1,1981-08-03 13:04:52
Canada,Camille Robert 271,password123,camille.robert271@yahoo.fr,2021-11-11 15:09:50,1,1976-03-25 00:41:38
Belgique,Thomas Richard 272,password123,thomas.richard272@hotmail.com,2023-04-10 19:42:51,1,1985-05-27 19:34:33
Canada,Nicolas Robert 273,password123,nicolas.robert273@yahoo.fr,2023-08-29 23:42:52,1,1986-12-19 16:46:59
Suisse,Pierre Leroy 274,password123,pierre.leroy274@hotmail.com,2020-01-07 09:38:18,1,1981-06-10 22:16:53
France,Sophie Robert 275,password123,sophie.robert275@orange.fr,2022-11-07 02:28:57,1,1994-05-16 16:26:05
USA,Pierre Thomas 276,password123,pierre.thomas276@yahoo.fr,2020-03-04 21:59:23,1,1995-01-08 01:10:31
France,Camille Thomas 277,password123,camille.thomas277@orange.fr,2021-11-05 23:01:25,1,1997-05-31 09:05:09
Suisse,Sophie Durand 278,password123,sophie.durand278@orange.fr,2021-11-05 10:25:17,1,2002-08-13 21:47:53
Canada,Lucas Robert 279,password123,lucas.robert279@orange.fr,2023-06-15 00:30:37,1,1975-08-07 03:20:28
Belgique,Marie Thomas 280,password123,marie.thomas280@hotmail.com,2023-05-08 01:08:10,1,1992-04-16 15:30:17
USA,Thomas Richard 281,password123,thomas.richard281@hotmail.com,2021-08-13 17:36:34,1,1999-04-10 19:59:59
USA,Lea Martin 282,password123,lea.martin282@orange.fr,2021-05-27 18:52:44,1,2004-10-03 09:07:16
Suisse,Lea Leroy 283,password123,lea.leroy283@gmail.com,2021-08-30 09:03:00,1,2002-12-15 03:55:00
Belgique,Lucas Richard 284,password123,lucas.richard284@gmail.com,2020-02-16 10:50:49,1,1982-05-14 16:46:54
France,Thomas Robert 285,password123,thomas.robert285@gmail.com,2023-03-02 20:50:50,1,1999-03-27 05:38:56
Belgique,Julie Petit 286,password123,julie.petit286@hotmail.com,2023-12-13 09:07:50,1,1999-10-04 04:37:06
Belgique,Pierre Richard 287,password123,pierre.richard287@yahoo.fr,2023-07-07 21:45:27,1,1989-10-31 13:30:31
Suisse,Thomas Thomas 288,password123,thomas.thomas288@orange.fr,2020-04-05 23:26:34,1,2002-09-27 10:36:32
USA,Jean Richard 289,password123,jean.richard289@orange.fr,2020-06-16 21:03:46,1,1979-12-27 19:20:56
Suisse,Nicolas Moreau 290,password123,nicolas.moreau290@yahoo.fr,2022-09-01 04:10:58,1,1989-03-22 14:39:12
France,Jean Leroy 291,password123,jean.leroy291@hotmail.com,2021-03-10 13:50:24,1,1989-07-16 23:59:39
France,Pierre Bernard 292,password123,pierre.bernard292@hotmail.com,2022-07-08 23:36:36,1,1976-03-29 03:21:29
Belgique,Thomas Petit 293,password123,thomas.petit293@yahoo.fr,2022-08-05 06:33:25,1,1979-04-18 20:01:57
France,Thomas Martin 294,password123,thomas.martin294@yahoo.fr,2020-06-06 07:07:58,1,2000-03-09 07:15:21
Belgique,Nicolas Thomas 295,password123,nicolas.thomas295@hotmail.com,2022-06-29 12:12:11,1,1977-06-22 02:46:43
Suisse,Lea Dubois 296,password123,lea.dubois296@yahoo.fr,2023-06-28 17:09:55,1,1975-06-02 19:58:47
Canada,Julie Dubois 297,password123,julie.dubois297@yahoo.fr,2022-12-18 04:22:41,1,2000-01-31 12:12:07
Suisse,Nicolas Richard 298,password123,nicolas.richard298@hotmail.com,2022-09-26 16:39:00,1,1983-07-09 12:32:31
USA,Lea Moreau 299,password123,lea.moreau299@gmail.com,2021-06-22 23:48:46,1,1995-12-14 09:14:39
Belgique,Lea Robert 300,password123,lea.robert300@gmail.com,2022-04-16 21:36:02,1,1983-07-17 14:55:13
France,Thomas Leroy 301,password123,thomas.leroy301@orange.fr,2020-11-19 14:21:15,1,1983-05-19 05:57:45
USA,Lucas Petit 302,password123,lucas.petit302@orange.fr,2020-08-24 20:08:19,1,1977-06-11 20:31:48
Belgique,Camille Leroy 303,password123,camille.leroy303@hotmail.com,2021-01-15 16:58:07,1,1982-10-07 21:40:59
USA,Lea Martin 304,password123,lea.martin304@yahoo.fr,2021-09-08 09:56:07,1,1986-04-20 17:59:56
Canada,Julie Richard 305,password123,julie.richard305@gmail.com,2022-05-29 23:16:04,1,1999-01-11 20:24:40
Canada,Thomas Dubois 306,password123,thomas.dubois306@gmail.com,2020-06-03 14:46:53,1,1995-05-12 20:04:31
USA,Lea Moreau 307,password123,lea.moreau307@hotmail.com,2023-11-12 20:49:31,1,1999-03-10 16:26:20
USA,Sophie Dubois 308,password123,sophie.dubois308@gmail.com,2023-06-01 12:21:03,1,1974-08-15 04:27:58
Belgique,Sophie Bernard 309,password123,sophie.bernard309@gmail.com,2023-06-21 01:55:25,1,1981-01-25 10:22:35
Canada,Lea Durand 310,password123,lea.durand310@hotmail.com,2022-11-01 06:16:44,1,2000-03-24 08:41:44
Belgique,Pierre Bernard 311,password123,pierre.bernard311@orange.fr,2021-12-04 02:02:52,1,2002-08-24 19:41:39
Suisse,Thomas Martin 312,password123,thomas.martin312@orange.fr,2020-12-19 08:01:09,1,1994-07-18 07:12:40
Canada,Sophie Durand 313,password123,sophie.durand313@hotmail.com,2021-07-20 15:18:59,1,1983-01-17 14:02:54
Suisse,Camille Richard 314,password123,camille.richard314@yahoo.fr,2020-09-21 01:40:17,1,1974-12-09 16:44:16
Belgique,Julie Bernard 315,password123,julie.bernard315@gmail.com,2023-12-23 12:37:37,1,1981-04-23 05:18:36
Canada,Camille Durand 316,password123,camille.durand316@gmail.com,2021-08-06 22:53:33,1,2003-11-24 02:06:56
Suisse,Pierre Martin 317,password123,pierre.martin317@yahoo.fr,2022-07-07 09:01:13,1,1982-08-23 13:32:46
Canada,Camille Richard 318,password123,camille.richard318@yahoo.fr,2020-10-10 08:38:06,1,1997-10-28 13:03:52
Suisse,Jean Martin 319,password123,jean.martin319@hotmail.com,2021-12-19 09:51:24,1,1990-10-16 00:12:08
USA,Pierre Moreau 320,password123,pierre.moreau320@gmail.com,2021-12-13 04:54:00,1,1994-01-03 10:27:25
Suisse,Marie Moreau 321,password123,marie.moreau321@gmail.com,2021-02-13 06:45:02,1,1988-12-19 04:51:09
Belgique,Marie Richard 322,password123,marie.richard322@orange.fr,2023-12-08 05:25:46,1,2003-12-01 05:05:27
USA,Nicolas Leroy 323,password123,nicolas.leroy323@orange.fr,2022-02-10 11:52:01,1,1975-01-26 15:48:36
USA,Lea Durand 324,password123,lea.durand324@gmail.com,2023-09-18 17:01:19,1,1986-10-29 18:15:19
Canada,Thomas Moreau 325,password123,thomas.moreau325@hotmail.com,2021-08-28 03:07:11,1,1996-03-19 17:32:36
Suisse,Pierre Durand 326,password123,pierre.durand326@yahoo.fr,2023-01-20 21:41:00,1,1975-01-30 21:05:47
Canada,Nicolas Moreau 327,password123,nicolas.moreau327@yahoo.fr,2021-08-22 04:59:50,1,1990-03-01 16:13:40
USA,Julie Moreau 328,password123,julie.moreau328@yahoo.fr,2020-08-02 12:04:05,1,1979-04-28 00:22:27
USA,Thomas Richard 329,password123,thomas.richard329@gmail.com,2023-09-09 09:52:28,1,1980-04-22 05:11:44
USA,Lucas Martin 330,password123,lucas.martin330@gmail.com,2023-05-04 12:23:23,1,1983-11-24 16:57:01
France,Thomas Leroy 331,password123,thomas.leroy331@gmail.com,2021-05-20 14:14:54,1,1999-03-09 02:01:39
USA,Lucas Leroy 332,password123,lucas.leroy332@gmail.com,2020-09-18 16:24:05,1,1974-06-28 00:21:03
Suisse,Nicolas Moreau 333,password123,nicolas.moreau333@orange.fr,2023-06-28 17:49:11,1,1997-10-24 06:57:42
Suisse,Nicolas Martin 334,password123,nicolas.martin334@hotmail.com,2023-07-30 07:12:45,1,1990-11-09 11:00:26
USA,Marie Martin 335,password123,marie.martin335@gmail.com,2022-10-12 22:40:58,1,1970-10-15 23:36:22
Belgique,Lucas Martin 336,password123,lucas.martin336@orange.fr,2020-12-12 20:20:05,1,1988-07-29 16:28:39
France,Nicolas Bernard 337,password123,nicolas.bernard337@yahoo.fr,2022-01-11 11:48:17,1,1987-09-08 13:56:36
Canada,Jean Leroy 338,password123,jean.leroy338@orange.fr,2021-05-29 17:11:27,1,1996-04-19 18:03:24
France,Marie Bernard 339,password123,marie.bernard339@yahoo.fr,2022-12-27 21:28:23,1,2002-08-11 15:05:56
Suisse,Julie Martin 340,password123,julie.martin340@gmail.com,2020-04-17 14:50:11,1,1989-03-24 14:44:48
Belgique,Nicolas Dubois 341,password123,nicolas.dubois341@yahoo.fr,2022-10-08 20:13:04,1,1995-07-27 07:36:10
Canada,Sophie Thomas 342,password123,sophie.thomas342@hotmail.com,2022-10-06 01:18:35,1,1992-10-12 08:22:30
Canada,Marie Richard 343,password123,marie.richard343@yahoo.fr,2021-05-03 07:59:18,1,1989-12-06 00:10:02
USA,Pierre Moreau 344,password123,pierre.moreau344@yahoo.fr,2022-05-25 22:39:19,1,1977-03-28 03:57:58
Canada,Julie Moreau 345,password123,julie.moreau345@hotmail.com,2020-02-21 13:29:40,1,1995-10-23 06:54:31
Suisse,Jean Dubois 346,password123,jean.dubois346@hotmail.com,2021-11-26 07:31:17,1,1992-12-17 21:01:01
France,Jean Dubois 347,password123,jean.dubois347@yahoo.fr,2020-12-24 05:48:12,1,1996-10-08 08:58:39
France,Nicolas Dubois 348,password123,nicolas.dubois348@orange.fr,2021-02-25 09:06:53,1,1996-02-09 01:50:02
USA,Julie Robert 349,password123,julie.robert349@hotmail.com,2023-02-10 21:17:36,1,1977-11-17 16:00:25
Belgique,Julie Durand 350,password123,julie.durand350@gmail.com,2020-09-13 02:09:49,1,1972-01-25 15:51:20
France,Camille Petit 351,password123,camille.petit351@hotmail.com,2022-01-08 13:09:49,1,1970-12-29 04:22:29
Suisse,Sophie Petit 352,password123,sophie.petit352@yahoo.fr,2021-03-22 06:34:53,1,2000-10-16 15:59:42
USA,Marie Thomas 353,password123,marie.thomas353@yahoo.fr,2020-04-02 00:33:32,1,1990-06-07 13:19:29
USA,Jean Dubois 354,password123,jean.dubois354@yahoo.fr,2020-05-25 00:56:59,1,1970-08-02 08:35:43
USA,Julie Bernard 355,password123,julie.bernard355@gmail.com,2020-01-04 01:01:39,1,1986-01-02 06:00:13
Canada,Marie Durand 356,password123,marie.durand356@yahoo.fr,2020-05-20 01:03:12,1,2004-05-25 09:03:29
Suisse,Lucas Moreau 357,password123,lucas.moreau357@gmail.com,2021-11-24 19:06:41,1,1985-03-09 00:06:03
Canada,Nicolas Richard 358,password123,nicolas.richard358@yahoo.fr,2022-09-18 02:58:20,1,1975-01-18 13:57:21
Suisse,Jean Leroy 359,password123,jean.leroy359@yahoo.fr,2021-02-16 20:57:09,1,1989-02-04 18:26:08
Suisse,Camille Moreau 360,password123,camille.moreau360@hotmail.com,2022-07-05 17:15:08,1,1999-08-27 03:25:49
USA,Lea Petit 361,password123,lea.petit361@hotmail.com,2020-12-13 13:14:20,1,1970-05-27 06:44:54
France,Julie Petit 362,password123,julie.petit362@yahoo.fr,2023-07-11 03:03:02,1,2001-04-08 17:02:33
USA,Jean Martin 363,password123,jean.martin363@hotmail.com,2021-12-25 22:50:23,1,1973-03-16 16:14:33
Suisse,Julie Thomas 364,password123,julie.thomas364@orange.fr,2022-10-26 19:40:45,1,1994-11-07 12:56:39
USA,Nicolas Martin 365,password123,nicolas.martin365@gmail.com,2022-03-04 17:37:14,1,1983-09-19 22:37:27
USA,Pierre Robert 366,password123,pierre.robert366@hotmail.com,2022-01-02 22:58:11,1,1979-08-02 02:20:15
Canada,Camille Dubois 367,password123,camille.dubois367@gmail.com,2021-09-06 10:45:42,1,1995-11-04 00:09:07
USA,Julie Bernard 368,password123,julie.bernard368@yahoo.fr,2021-04-02 19:28:39,1,1996-12-09 00:40:15
Belgique,Thomas Bernard 369,password123,thomas.bernard369@gmail.com,2023-04-09 05:52:45,1,1971-11-08 02:51:37
France,Camille Bernard 370,password123,camille.bernard370@hotmail.com,2022-10-28 13:57:09,1,1991-04-23 16:09:34
Belgique,Camille Bernard 371,password123,camille.bernard371@hotmail.com,2022-05-29 16:32:12,1,1990-08-30 21:55:02
Suisse,Lucas Leroy 372,password123,lucas.leroy372@yahoo.fr,2022-03-05 21:24:50,1,1993-11-18 02:40:34
USA,Lea Thomas 373,password123,lea.thomas373@gmail.com,2020-12-18 19:50:21,1,1974-03-09 16:17:37
USA,Lucas Moreau 374,password123,lucas.moreau374@orange.fr,2020-12-23 09:21:42,1,1997-12-28 07:51:27
Belgique,Lea Petit 375,password123,lea.petit375@hotmail.com,2022-03-15 07:40:21,1,1990-08-13 17:42:28
USA,Lucas Bernard 376,password123,lucas.bernard376@orange.fr,2022-01-28 12:29:12,1,1991-12-31 10:01:31
Belgique,Jean Richard 377,password123,jean.richard377@hotmail.com,2022-12-25 11:04:55,1,1974-09-16 14:04:51
USA,Pierre Thomas 378,password123,pierre.thomas378@hotmail.com,2020-05-06 13:35:00,1,1981-08-03 01:44:29
Canada,Lea Robert 379,password123,lea.robert379@orange.fr,2023-05-15 22:04:16,1,1995-07-28 00:49:10
Belgique,Julie Martin 380,password123,julie.martin380@yahoo.fr,2020-09-02 05:38:52,1,1979-07-22 14:55:09
Suisse,Julie Petit 381,password123,julie.petit381@hotmail.com,2020-04-01 03:10:54,1,1970-10-02 19:51:54
Suisse,Thomas Moreau 382,password123,thomas.moreau382@gmail.com,2022-09-30 02:43:57,1,1992-02-08 14:22:20
France,Lucas Martin 383,password123,lucas.martin383@hotmail.com,2021-10-22 02:15:44,1,1977-10-20 12:22:56
Belgique,Lucas Leroy 384,password123,lucas.leroy384@orange.fr,2023-10-07 21:37:57,1,1997-10-24 14:00:46
Canada,Sophie Petit 385,password123,sophie.petit385@gmail.com,2023-07-13 19:12:00,1,1972-04-03 19:21:43
Suisse,Pierre Thomas 386,password123,pierre.thomas386@orange.fr,2020-10-24 12:21:13,1,1970-07-22 09:28:27
France,Jean Moreau 387,password123,jean.moreau387@orange.fr,2022-11-12 11:10:26,1,1973-05-19 23:21:36
Canada,Julie Robert 388,password123,julie.robert388@yahoo.fr,2022-06-10 06:42:55,1,1977-10-29 21:16:36
Canada,Marie Robert 389,password123,marie.robert389@hotmail.com,2023-06-06 15:27:15,1,1983-01-27 00:48:34
Canada,Nicolas Martin 390,password123,nicolas.martin390@yahoo.fr,2020-03-18 20:33:10,1,1977-09-23 01:10:04
France,Julie Robert 391,password123,julie.robert391@gmail.com,2021-03-13 11:31:12,1,1973-06-12 09:48:22
Canada,Pierre Dubois 392,password123,pierre.dubois392@yahoo.fr,2021-10-06 14:01:07,1,2004-08-19 20:37:20
Canada,Sophie Robert 393,password123,sophie.robert393@orange.fr,2022-10-05 18:57:12,1,1998-01-24 18:50:41
Canada,Lea Petit 394,password123,lea.petit394@hotmail.com,2020-12-19 10:57:44,1,1987-05-08 04:17:57
Belgique,Lea Leroy 395,password123,lea.leroy395@hotmail.com,2021-10-28 02:34:42,1,1983-11-30 10:54:38
France,Jean Moreau 396,password123,jean.moreau396@orange.fr,2022-12-23 17:31:40,1,1995-02-24 19:21:14
USA,Jean Bernard 397,password123,jean.bernard397@hotmail.com,2021-05-09 08:04:58,1,1980-11-29 19:59:25
USA,Jean Leroy 398,password123,jean.leroy398@yahoo.fr,2022-07-04 04:18:27,1,2000-05-25 18:39:24
Canada,Pierre Leroy 399,password123,pierre.leroy399@orange.fr,2022-05-14 13:05:27,1,2001-08-25 02:01:09
Belgique,Sophie Petit 400,password123,sophie.petit400@gmail.com,2023-07-10 19:46:15,1,1985-09-22 03:50:33
Suisse,Camille Robert 401,password123,camille.robert401@hotmail.com,2020-01-29 03:52:19,1,1971-07-27 10:50:19
USA,Marie Robert 402,password123,marie.robert402@gmail.com,2023-08-20 13:45:27,1,2004-01-08 18:50:04
France,Marie Leroy 403,password123,marie.leroy403@orange.fr,2021-03-09 16:33:01,1,1975-04-04 16:35:23
France,Nicolas Martin 404,password123,nicolas.martin404@yahoo.fr,2020-06-24 02:30:16,1,1988-05-26 23:54:49
USA,Lucas Moreau 405,password123,lucas.moreau405@hotmail.com,2022-01-25 12:35:30,1,1970-01-29 13:06:06
Suisse,Thomas Dubois 406,password123,thomas.dubois406@hotmail.com,2021-04-12 13:33:16,1,1990-01-10 10:02:16
Belgique,Sophie Robert 407,password123,sophie.robert407@hotmail.com,2020-01-24 07:23:35,1,1994-07-08 07:04:47
Canada,Lea Moreau 408,password123,lea.moreau408@hotmail.com,2023-07-18 19:37:54,1,1970-11-16 14:37:55
USA,Lucas Thomas 409,password123,lucas.thomas409@hotmail.com,2023-06-08 01:01:57,1,1999-05-15 15:48:44
Belgique,Pierre Robert 410,password123,pierre.robert410@orange.fr,2021-05-19 22:06:45,1,1994-10-06 16:16:03
Canada,Lucas Petit 411,password123,lucas.petit411@orange.fr,2022-12-01 08:03:52,1,1996-12-16 18:34:54
Suisse,Nicolas Robert 412,password123,nicolas.robert412@hotmail.com,2021-09-28 04:10:11,1,1998-01-06 04:22:06
Belgique,Marie Thomas 413,password123,marie.thomas413@yahoo.fr,2023-01-02 01:56:52,1,1989-02-04 17:56:29
Canada,Julie Durand 414,password123,julie.durand414@gmail.com,2023-09-21 00:24:05,1,1970-07-30 01:03:54
USA,Lea Moreau 415,password123,lea.moreau415@hotmail.com,2023-09-23 18:06:33,1,1991-02-23 13:18:28
France,Pierre Moreau 416,password123,pierre.moreau416@hotmail.com,2021-11-24 04:12:33,1,1973-12-30 09:09:42
Belgique,Thomas Bernard 417,password123,thomas.bernard417@gmail.com,2023-11-15 03:39:55,1,1987-01-08 09:39:02
Canada,Lea Bernard 418,password123,lea.bernard418@yahoo.fr,2022-07-18 13:29:49,1,1973-08-30 08:04:56
Belgique,Lucas Dubois 419,password123,lucas.dubois419@orange.fr,2021-07-15 23:18:20,1,1988-06-18 08:26:31
Canada,Pierre Dubois 420,password123,pierre.dubois420@orange.fr,2023-06-26 23:36:40,1,1991-05-02 07:25:17
Suisse,Thomas Martin 421,password123,thomas.martin421@hotmail.com,2022-08-17 20:37:16,1,1994-08-23 04:28:37
Suisse,Jean Leroy 422,password123,jean.leroy422@gmail.com,2020-07-08 11:28:13,1,1970-05-03 07:18:36
Canada,Lucas Martin 423,password123,lucas.martin423@yahoo.fr,2022-10-28 09:01:06,1,1976-06-03 11:22:27
Canada,Pierre Martin 424,password123,pierre.martin424@orange.fr,2021-06-08 11:29:21,1,1988-03-22 16:49:11
France,Lucas Leroy 425,password123,lucas.leroy425@orange.fr,2023-10-19 03:59:49,1,1970-01-03 23:33:28
Suisse,Marie Petit 426,password123,marie.petit426@orange.fr,2023-10-17 20:39:27,1,1971-03-20 07:15:23
France,Pierre Martin 427,password123,pierre.martin427@gmail.com,2023-09-28 22:12:23,1,2001-04-15 18:07:04
Canada,Julie Robert 428,password123,julie.robert428@yahoo.fr,2020-07-24 21:22:49,1,1977-03-03 05:26:19
France,Jean Richard 429,password123,jean.richard429@hotmail.com,2023-11-07 00:12:42,1,1976-06-09 03:13:43
USA,Nicolas Thomas 430,password123,nicolas.thomas430@hotmail.com,2023-06-02 22:22:44,1,1977-06-18 15:25:31
Suisse,Jean Richard 431,password123,jean.richard431@yahoo.fr,2023-07-26 03:52:29,1,1986-03-07 10:23:30
Suisse,Nicolas Bernard 432,password123,nicolas.bernard432@hotmail.com,2022-01-17 19:18:07,1,1983-03-13 12:30:48
USA,Thomas Robert 433,password123,thomas.robert433@gmail.com,2022-11-26 05:02:29,1,2002-07-05 05:09:11
France,Nicolas Bernard 434,password123,nicolas.bernard434@yahoo.fr,2023-01-26 15:10:17,1,1988-04-14 09:07:23
Belgique,Pierre Petit 435,password123,pierre.petit435@yahoo.fr,2022-02-20 15:35:03,1,1998-04-24 16:21:37
Canada,Jean Bernard 436,password123,jean.bernard436@gmail.com,2022-03-30 04:43:04,1,1989-07-28 12:59:18
Canada,Lea Robert 437,password123,lea.robert437@hotmail.com,2022-04-09 04:58:15,1,1988-09-12 07:49:44
France,Nicolas Durand 438,password123,nicolas.durand438@gmail.com,2023-01-27 17:27:46,1,1973-03-05 08:18:44
Suisse,Nicolas Dubois 439,password123,nicolas.dubois439@hotmail.com,2020-05-15 14:05:54,1,1980-03-28 08:48:52
Canada,Nicolas Petit 440,password123,nicolas.petit440@gmail.com,2020-04-03 15:06:14,1,1999-04-06 06:14:49
Canada,Lea Martin 441,password123,lea.martin441@hotmail.com,2023-01-27 17:53:53,1,1999-03-13 18:45:04
USA,Lea Petit 442,password123,lea.petit442@gmail.com,2021-07-07 22:28:34,1,1989-02-28 11:31:58
Canada,Jean Durand 443,password123,jean.durand443@hotmail.com,2021-09-12 11:03:06,1,1982-11-14 06:01:13
Belgique,Camille Leroy 444,password123,camille.leroy444@orange.fr,2022-10-07 01:23:39,1,2000-05-07 11:28:57
USA,Lucas Robert 445,password123,lucas.robert445@hotmail.com,2021-04-19 03:55:41,1,1980-04-24 07:35:41
France,Lea Dubois 446,password123,lea.dubois446@yahoo.fr,2021-07-03 21:00:42,1,1990-05-05 23:59:58
France,Sophie Bernard 447,password123,sophie.bernard447@yahoo.fr,2023-09-30 12:42:44,1,1982-11-19 21:44:32
Suisse,Marie Robert 448,password123,marie.robert448@yahoo.fr,2021-05-15 04:20:10,1,1977-08-14 22:42:00
USA,Pierre Leroy 449,password123,pierre.leroy449@hotmail.com,2020-12-04 13:34:43,1,1990-07-27 07:42:51
Suisse,Lucas Leroy 450,password123,lucas.leroy450@yahoo.fr,2020-06-07 11:28:15,1,1973-04-09 22:13:03
Canada,Sophie Moreau 451,password123,sophie.moreau451@orange.fr,2022-10-17 08:55:29,1,1984-02-18 23:18:41
Belgique,Lucas Martin 452,password123,lucas.martin452@orange.fr,2022-07-19 13:45:01,1,1989-12-30 22:53:01
Belgique,Jean Durand 453,password123,jean.durand453@hotmail.com,2022-10-10 14:14:50,1,1994-06-03 15:51:05
USA,Camille Bernard 454,password123,camille.bernard454@yahoo.fr,2020-11-29 02:30:54,1,1970-03-06 15:44:38
Belgique,Camille Petit 455,password123,camille.petit455@hotmail.com,2022-09-02 15:25:09,1,2002-06-20 15:20:39
France,Pierre Robert 456,password123,pierre.robert456@gmail.com,2020-10-27 21:49:34,1,1978-09-02 13:11:55
Belgique,Julie Leroy 457,password123,julie.leroy457@yahoo.fr,2020-11-03 16:31:09,1,1991-11-29 15:02:43
Belgique,Pierre Petit 458,password123,pierre.petit458@hotmail.com,2022-12-05 01:17:23,1,1978-10-27 16:39:24
Suisse,Nicolas Richard 459,password123,nicolas.richard459@orange.fr,2021-07-06 02:37:54,1,1999-07-01 04:14:10
Suisse,Julie Bernard 460,password123,julie.bernard460@orange.fr,2023-03-02 03:46:38,1,1974-12-11 20:57:19
USA,Pierre Richard 461,password123,pierre.richard461@hotmail.com,2021-03-20 08:21:32,1,2001-08-26 15:15:46
Canada,Thomas Martin 462,password123,thomas.martin462@gmail.com,2023-11-10 19:45:44,1,1978-08-24 12:25:27
France,Lucas Richard 463,password123,lucas.richard463@hotmail.com,2020-02-02 22:22:39,1,1978-07-20 14:34:15
France,Marie Bernard 464,password123,marie.bernard464@yahoo.fr,2021-08-30 07:56:30,1,1988-09-11 02:37:13
Suisse,Jean Moreau 465,password123,jean.moreau465@gmail.com,2023-02-14 06:48:05,1,1997-05-19 01:08:30
Canada,Lucas Richard 466,password123,lucas.richard466@orange.fr,2023-10-11 16:38:39,1,1983-01-24 22:40:19
Suisse,Julie Martin 467,password123,julie.martin467@gmail.com,2020-08-31 07:46:17,1,1990-07-24 19:29:36
Canada,Sophie Martin 468,password123,sophie.martin468@orange.fr,2022-09-01 16:20:56,1,1982-12-02 21:53:00
Canada,Lucas Bernard 469,password123,lucas.bernard469@orange.fr,2022-01-22 00:23:50,1,2002-02-14 23:43:56
Belgique,Sophie Durand 470,password123,sophie.durand470@hotmail.com,2023-05-07 11:37:00,1,1996-02-17 07:12:03
USA,Nicolas Richard 471,password123,nicolas.richard471@gmail.com,2020-04-23 12:41:04,1,2003-04-19 17:03:21
Suisse,Lea Bernard 472,password123,lea.bernard472@hotmail.com,2020-06-30 00:07:05,1,1982-02-24 17:48:51
Belgique,Pierre Durand 473,password123,pierre.durand473@hotmail.com,2021-08-02 22:10:34,1,1981-12-22 15:14:40
Suisse,Lucas Richard 474,password123,lucas.richard474@hotmail.com,2023-10-18 17:13:14,1,1980-03-26 21:00:43
Suisse,Camille Robert 475,password123,camille.robert475@yahoo.fr,2022-06-02 15:00:47,1,1971-05-12 01:21:56
Canada,Camille Thomas 476,password123,camille.thomas476@gmail.com,2021-11-03 10:37:11,1,1989-04-04 09:55:37
USA,Julie Moreau 477,password123,julie.moreau477@orange.fr,2022-05-24 18:59:15,1,1990-09-03 01:18:44
France,Nicolas Richard 478,password123,nicolas.richard478@yahoo.fr,2020-10-07 13:49:30,1,1993-09-03 15:17:28
USA,Julie Martin 479,password123,julie.martin479@yahoo.fr,2021-06-13 06:31:23,1,2000-11-21 08:39:01
USA,Camille Durand 480,password123,camille.durand480@orange.fr,2022-07-01 08:25:23,1,1999-05-12 19:36:39
Belgique,Jean Dubois 481,password123,jean.dubois481@orange.fr,2023-07-08 13:12:32,1,1982-08-18 14:26:28
Suisse,Lea Richard 482,password123,lea.richard482@hotmail.com,2021-05-31 19:52:18,1,1991-12-05 11:19:29
Belgique,Jean Leroy 483,password123,jean.leroy483@gmail.com,2022-10-15 04:21:10,1,1978-10-25 20:20:35
USA,Thomas Bernard 484,password123,thomas.bernard484@orange.fr,2020-06-07 15:50:32,1,1994-04-06 20:03:08
France,Marie Leroy 485,password123,marie.leroy485@yahoo.fr,2020-10-25 12:46:36,1,1974-04-10 04:49:42
Suisse,Camille Leroy 486,password123,camille.leroy486@orange.fr,2020-02-24 20:58:45,1,1998-02-04 11:25:57
Canada,Julie Robert 487,password123,julie.robert487@hotmail.com,2021-08-01 06:14:58,1,1995-09-07 20:49:33
Suisse,Lea Richard 488,password123,lea.richard488@hotmail.com,2023-09-26 05:51:43,1,1992-04-08 06:23:45
Canada,Pierre Petit 489,password123,pierre.petit489@gmail.com,2023-03-28 09:44:03,1,1992-04-26 13:12:54
Canada,Marie Petit 490,password123,marie.petit490@yahoo.fr,2023-04-30 23:01:17,1,1997-10-27 02:07:08
Suisse,Lucas Durand 491,password123,lucas.durand491@hotmail.com,2021-12-13 03:56:37,1,1970-08-22 07:37:13
France,Thomas Robert 492,password123,thomas.robert492@orange.fr,2020-07-09 03:09:39,1,1979-12-14 06:37:23
Belgique,Julie Martin 493,password123,julie.martin493@gmail.com,2023-06-08 19:39:46,1,1985-07-09 08:30:29
Belgique,Thomas Dubois 494,password123,thomas.dubois494@yahoo.fr,2022-08-26 21:58:44,1,1982-07-14 23:33:25
Suisse,Julie Leroy 495,password123,julie.leroy495@orange.fr,2021-09-22 11:55:33,1,1993-06-16 06:55:26
Belgique,Camille Dubois 496,password123,camille.dubois496@yahoo.fr,2022-05-29 01:15:17,1,1978-02-25 02:42:04
Suisse,Julie Robert 497,password123,julie.robert497@orange.fr,2022-01-12 11:29:28,1,1981-12-04 15:00:05
Suisse,Nicolas Dubois 498,password123,nicolas.dubois498@orange.fr,2021-11-15 00:44:39,1,1972-07-12 16:10:04
Canada,Nicolas Durand 499,password123,nicolas.durand499@gmail.com,2022-04-01 15:26:40,1,1976-08-26 04:13:35
USA,Julie Durand 500,password123,julie.durand500@yahoo.fr,2020-12-06 00:02:37,1,1999-10-06 03:53:22
